fold,epoch,class,accuracy,precision,recall,f1-score,overall_accuracy
1,1,0,0.8885017421602788,0.9107142857142857,0.8885017421602788,0.8994708994708994,0.6621160409556314
1,1,1,0.4166666666666667,0.3787878787878788,0.4166666666666667,0.3968253968253968,0.6621160409556314
1,1,2,0.4444444444444444,0.72,0.4444444444444444,0.549618320610687,0.6621160409556314
1,1,3,0.6666666666666666,0.21978021978021978,0.6666666666666666,0.3305785123966942,0.6621160409556314
1,1,4,0.3404255319148936,0.32653061224489793,0.3404255319148936,0.3333333333333333,0.6621160409556314
1,2,0,0.7491289198606271,0.9728506787330317,0.7491289198606271,0.8464566929133859,0.60580204778157
1,2,1,0.65,0.30952380952380953,0.65,0.41935483870967744,0.60580204778157
1,2,2,0.42592592592592593,0.7419354838709677,0.42592592592592593,0.5411764705882353,0.60580204778157
1,2,3,0.7666666666666667,0.1885245901639344,0.7666666666666667,0.3026315789473684,0.60580204778157
1,2,4,0.19148936170212766,0.375,0.19148936170212766,0.2535211267605634,0.60580204778157
1,3,0,0.8815331010452961,0.9693486590038314,0.8815331010452961,0.9233576642335767,0.6860068259385665
1,3,1,0.6333333333333333,0.3958333333333333,0.6333333333333333,0.48717948717948717,0.6860068259385665
1,3,2,0.4567901234567901,0.7326732673267327,0.4567901234567901,0.5627376425855514,0.6860068259385665
1,3,3,0.6666666666666666,0.21978021978021978,0.6666666666666666,0.3305785123966942,0.6860068259385665
1,3,4,0.3617021276595745,0.4594594594594595,0.3617021276595745,0.40476190476190477,0.6860068259385665
1,4,0,0.8397212543554007,0.9836734693877551,0.8397212543554007,0.9060150375939849,0.6672354948805461
1,4,1,0.6,0.3870967741935484,0.6,0.47058823529411764,0.6672354948805461
1,4,2,0.47530864197530864,0.7938144329896907,0.47530864197530864,0.5945945945945946,0.6672354948805461
1,4,3,0.7,0.1810344827586207,0.7,0.2876712328767123,0.6672354948805461
1,4,4,0.3404255319148936,0.45714285714285713,0.3404255319148936,0.3902439024390244,0.6672354948805461
1,5,0,0.8780487804878049,0.972972972972973,0.8780487804878049,0.9230769230769231,0.6979522184300342
1,5,1,0.6333333333333333,0.4367816091954023,0.6333333333333333,0.5170068027210885,0.6979522184300342
1,5,2,0.4876543209876543,0.7596153846153846,0.4876543209876543,0.5939849624060151,0.6979522184300342
1,5,3,0.7,0.21212121212121213,0.7,0.32558139534883723,0.6979522184300342
1,5,4,0.40425531914893614,0.5135135135135135,0.40425531914893614,0.4523809523809524,0.6979522184300342
1,6,0,0.9059233449477352,0.9885931558935361,0.9059233449477352,0.9454545454545454,0.7457337883959044
1,6,1,0.6666666666666666,0.4819277108433735,0.6666666666666666,0.5594405594405595,0.7457337883959044
1,6,2,0.6234567901234568,0.7709923664122137,0.6234567901234568,0.689419795221843,0.7457337883959044
1,6,3,0.6333333333333333,0.25675675675675674,0.6333333333333333,0.36538461538461536,0.7457337883959044
1,6,4,0.3617021276595745,0.4857142857142857,0.3617021276595745,0.4146341463414634,0.7457337883959044
1,7,0,0.8292682926829268,0.9916666666666667,0.8292682926829268,0.9032258064516129,0.7047781569965871
1,7,1,0.6333333333333333,0.36538461538461536,0.6333333333333333,0.4634146341463415,0.7047781569965871
1,7,2,0.6049382716049383,0.7596899224806202,0.6049382716049383,0.6735395189003437,0.7047781569965871
1,7,3,0.6,0.27692307692307694,0.6,0.37894736842105264,0.7047781569965871
1,7,4,0.44680851063829785,0.4375,0.44680851063829785,0.4421052631578947,0.7047781569965871
1,8,0,0.9303135888501742,0.9888888888888889,0.9303135888501742,0.9587073608617595,0.7525597269624573
1,8,1,0.7166666666666667,0.5119047619047619,0.7166666666666667,0.5972222222222222,0.7525597269624573
1,8,2,0.5925925925925926,0.768,0.5925925925925926,0.6689895470383276,0.7525597269624573
1,8,3,0.5666666666666667,0.2236842105263158,0.5666666666666667,0.32075471698113206,0.7525597269624573
1,8,4,0.3829787234042553,0.5806451612903226,0.3829787234042553,0.46153846153846156,0.7525597269624573
1,9,0,0.7804878048780488,1.0,0.7804878048780488,0.8767123287671232,0.6757679180887373
1,9,1,0.65,0.3333333333333333,0.65,0.4406779661016949,0.6757679180887373
1,9,2,0.6234567901234568,0.7426470588235294,0.6234567901234568,0.6778523489932886,0.6757679180887373
1,9,3,0.5333333333333333,0.2318840579710145,0.5333333333333333,0.32323232323232326,0.6757679180887373
1,9,4,0.3404255319148936,0.4,0.3404255319148936,0.367816091954023,0.6757679180887373
1,10,0,0.9128919860627178,0.9924242424242424,0.9128919860627178,0.9509981851179673,0.7576791808873721
1,10,1,0.7333333333333333,0.5,0.7333333333333333,0.5945945945945946,0.7576791808873721
1,10,2,0.6358024691358025,0.7686567164179104,0.6358024691358025,0.6959459459459459,0.7576791808873721
1,10,3,0.5,0.23076923076923078,0.5,0.3157894736842105,0.7576791808873721
1,10,4,0.425531914893617,0.5714285714285714,0.425531914893617,0.4878048780487805,0.7576791808873721
1,11,0,0.867595818815331,0.996,0.867595818815331,0.9273743016759777,0.7337883959044369
1,11,1,0.6,0.43373493975903615,0.6,0.5034965034965035,0.7337883959044369
1,11,2,0.6604938271604939,0.7482517482517482,0.6604938271604939,0.7016393442622951,0.7337883959044369
1,11,3,0.7,0.25,0.7,0.3684210526315789,0.7337883959044369
1,11,4,0.3617021276595745,0.6538461538461539,0.3617021276595745,0.4657534246575342,0.7337883959044369
1,12,0,0.9407665505226481,0.9712230215827338,0.9407665505226481,0.9557522123893806,0.7372013651877133
1,12,1,0.55,0.5076923076923077,0.55,0.528,0.7372013651877133
1,12,2,0.5617283950617284,0.7398373983739838,0.5617283950617284,0.6385964912280702,0.7372013651877133
1,12,3,0.7,0.23595505617977527,0.7,0.35294117647058826,0.7372013651877133
1,12,4,0.3617021276595745,0.5483870967741935,0.3617021276595745,0.4358974358974359,0.7372013651877133
1,13,0,0.9407665505226481,0.9854014598540146,0.9407665505226481,0.9625668449197861,0.7764505119453925
1,13,1,0.5333333333333333,0.5245901639344263,0.5333333333333333,0.5289256198347108,0.7764505119453925
1,13,2,0.7222222222222222,0.7358490566037735,0.7222222222222222,0.7289719626168224,0.7764505119453925
1,13,3,0.6333333333333333,0.3064516129032258,0.6333333333333333,0.41304347826086957,0.7764505119453925
1,13,4,0.3617021276595745,0.5666666666666667,0.3617021276595745,0.44155844155844154,0.7764505119453925
1,14,0,0.8745644599303136,0.996031746031746,0.8745644599303136,0.9313543599257885,0.742320819112628
1,14,1,0.7,0.44680851063829785,0.7,0.5454545454545454,0.742320819112628
1,14,2,0.6481481481481481,0.7342657342657343,0.6481481481481481,0.6885245901639344,0.742320819112628
1,14,3,0.5666666666666667,0.288135593220339,0.5666666666666667,0.38202247191011235,0.742320819112628
1,14,4,0.425531914893617,0.5263157894736842,0.425531914893617,0.47058823529411764,0.742320819112628
1,15,0,0.9128919860627178,0.9924242424242424,0.9128919860627178,0.9509981851179673,0.7320819112627986
1,15,1,0.5833333333333334,0.4666666666666667,0.5833333333333334,0.5185185185185185,0.7320819112627986
1,15,2,0.5925925925925926,0.7384615384615385,0.5925925925925926,0.6575342465753424,0.7320819112627986
1,15,3,0.6666666666666666,0.2127659574468085,0.6666666666666666,0.3225806451612903,0.7320819112627986
1,15,4,0.3404255319148936,0.6956521739130435,0.3404255319148936,0.45714285714285713,0.7320819112627986
1,16,0,0.9303135888501742,0.9888888888888889,0.9303135888501742,0.9587073608617595,0.7815699658703071
1,16,1,0.6333333333333333,0.5135135135135135,0.6333333333333333,0.5671641791044776,0.7815699658703071
1,16,2,0.6851851851851852,0.7602739726027398,0.6851851851851852,0.7207792207792207,0.7815699658703071
1,16,3,0.6666666666666666,0.31746031746031744,0.6666666666666666,0.43010752688172044,0.7815699658703071
1,16,4,0.46808510638297873,0.6666666666666666,0.46808510638297873,0.55,0.7815699658703071
1,17,0,0.8885017421602788,0.99609375,0.8885017421602788,0.9392265193370166,0.7610921501706485
1,17,1,0.6,0.46153846153846156,0.6,0.5217391304347826,0.7610921501706485
1,17,2,0.7098765432098766,0.7419354838709677,0.7098765432098766,0.7255520504731862,0.7610921501706485
1,17,3,0.5666666666666667,0.2698412698412698,0.5666666666666667,0.3655913978494624,0.7610921501706485
1,17,4,0.48936170212765956,0.6764705882352942,0.48936170212765956,0.5679012345679012,0.7610921501706485
1,18,0,0.9790940766550522,0.9894366197183099,0.9790940766550522,0.9842381786339754,0.7832764505119454
1,18,1,0.55,0.6346153846153846,0.55,0.5892857142857143,0.7832764505119454
1,18,2,0.6481481481481481,0.7291666666666666,0.6481481481481481,0.6862745098039216,0.7832764505119454
1,18,3,0.6666666666666666,0.2564102564102564,0.6666666666666666,0.37037037037037035,0.7832764505119454
1,18,4,0.425531914893617,0.7142857142857143,0.425531914893617,0.5333333333333333,0.7832764505119454
1,19,0,0.9094076655052264,0.9961832061068703,0.9094076655052264,0.9508196721311475,0.773037542662116
1,19,1,0.65,0.4875,0.65,0.5571428571428572,0.773037542662116
1,19,2,0.7222222222222222,0.75,0.7222222222222222,0.7358490566037735,0.773037542662116
1,19,3,0.5666666666666667,0.288135593220339,0.5666666666666667,0.38202247191011235,0.773037542662116
1,19,4,0.40425531914893614,0.6551724137931034,0.40425531914893614,0.5,0.773037542662116
1,20,0,0.9686411149825784,0.996415770609319,0.9686411149825784,0.9823321554770318,0.7866894197952219
1,20,1,0.55,0.5892857142857143,0.55,0.5689655172413793,0.7866894197952219
1,20,2,0.6851851851851852,0.7254901960784313,0.6851851851851852,0.7047619047619048,0.7866894197952219
1,20,3,0.5666666666666667,0.29310344827586204,0.5666666666666667,0.38636363636363635,0.7866894197952219
1,20,4,0.46808510638297873,0.55,0.46808510638297873,0.5057471264367817,0.7866894197952219
1,21,0,0.9686411149825784,0.9928571428571429,0.9686411149825784,0.9805996472663139,0.78839590443686
1,21,1,0.6,0.5714285714285714,0.6,0.5853658536585366,0.78839590443686
1,21,2,0.7037037037037037,0.7080745341614907,0.7037037037037037,0.7058823529411765,0.78839590443686
1,21,3,0.5,0.2727272727272727,0.5,0.35294117647058826,0.78839590443686
1,21,4,0.40425531914893614,0.7037037037037037,0.40425531914893614,0.5135135135135135,0.78839590443686
1,22,0,0.9860627177700348,0.9929824561403509,0.9860627177700348,0.9895104895104895,0.7918088737201365
1,22,1,0.65,0.6610169491525424,0.65,0.6554621848739496,0.7918088737201365
1,22,2,0.6666666666666666,0.7248322147651006,0.6666666666666666,0.6945337620578779,0.7918088737201365
1,22,3,0.5,0.2459016393442623,0.5,0.32967032967032966,0.7918088737201365
1,22,4,0.40425531914893614,0.59375,0.40425531914893614,0.4810126582278481,0.7918088737201365
1,23,0,0.9512195121951219,0.9963503649635036,0.9512195121951219,0.9732620320855615,0.7747440273037542
1,23,1,0.5,0.5769230769230769,0.5,0.5357142857142857,0.7747440273037542
1,23,2,0.7160493827160493,0.7204968944099379,0.7160493827160493,0.718266253869969,0.7747440273037542
1,23,3,0.6666666666666666,0.2597402597402597,0.6666666666666666,0.37383177570093457,0.7747440273037542
1,23,4,0.3191489361702128,0.6818181818181818,0.3191489361702128,0.43478260869565216,0.7747440273037542
1,24,0,0.9059233449477352,0.9923664122137404,0.9059233449477352,0.9471766848816029,0.7457337883959044
1,24,1,0.5666666666666667,0.4594594594594595,0.5666666666666667,0.5074626865671642,0.7457337883959044
1,24,2,0.6666666666666666,0.7105263157894737,0.6666666666666666,0.6878980891719745,0.7457337883959044
1,24,3,0.6,0.25,0.6,0.35294117647058826,0.7457337883959044
1,24,4,0.3617021276595745,0.6538461538461539,0.3617021276595745,0.4657534246575342,0.7457337883959044
1,25,0,0.9477351916376306,0.9890909090909091,0.9477351916376306,0.9679715302491103,0.7713310580204779
1,25,1,0.55,0.55,0.55,0.55,0.7713310580204779
1,25,2,0.6851851851851852,0.7302631578947368,0.6851851851851852,0.7070063694267515,0.7713310580204779
1,25,3,0.5666666666666667,0.24285714285714285,0.5666666666666667,0.34,0.7713310580204779
1,25,4,0.40425531914893614,0.6551724137931034,0.40425531914893614,0.5,0.7713310580204779
1,26,0,0.9825783972125436,0.9894736842105263,0.9825783972125436,0.986013986013986,0.7832764505119454
1,26,1,0.5166666666666667,0.6595744680851063,0.5166666666666667,0.5794392523364486,0.7832764505119454
1,26,2,0.691358024691358,0.717948717948718,0.691358024691358,0.7044025157232704,0.7832764505119454
1,26,3,0.5666666666666667,0.22972972972972974,0.5666666666666667,0.3269230769230769,0.7832764505119454
1,26,4,0.3617021276595745,0.7083333333333334,0.3617021276595745,0.4788732394366197,0.7832764505119454
1,27,0,0.9721254355400697,0.9893617021276596,0.9721254355400697,0.9806678383128296,0.7747440273037542
1,27,1,0.5666666666666667,0.6415094339622641,0.5666666666666667,0.6017699115044248,0.7747440273037542
1,27,2,0.6419753086419753,0.7375886524822695,0.6419753086419753,0.6864686468646864,0.7747440273037542
1,27,3,0.6666666666666666,0.25,0.6666666666666666,0.36363636363636365,0.7747440273037542
1,27,4,0.3617021276595745,0.5666666666666667,0.3617021276595745,0.44155844155844154,0.7747440273037542
1,28,0,0.9303135888501742,0.996268656716418,0.9303135888501742,0.9621621621621622,0.7713310580204779
1,28,1,0.55,0.5238095238095238,0.55,0.5365853658536586,0.7713310580204779
1,28,2,0.7283950617283951,0.7239263803680982,0.7283950617283951,0.7261538461538461,0.7713310580204779
1,28,3,0.5666666666666667,0.26153846153846155,0.5666666666666667,0.35789473684210527,0.7713310580204779
1,28,4,0.3617021276595745,0.6296296296296297,0.3617021276595745,0.4594594594594595,0.7713310580204779
1,29,0,0.9477351916376306,0.9963369963369964,0.9477351916376306,0.9714285714285714,0.7320819112627986
1,29,1,0.48333333333333334,0.5686274509803921,0.48333333333333334,0.5225225225225225,0.7320819112627986
1,29,2,0.5740740740740741,0.744,0.5740740740740741,0.6480836236933798,0.7320819112627986
1,29,3,0.7,0.18584070796460178,0.7,0.2937062937062937,0.7320819112627986
1,29,4,0.2978723404255319,0.5833333333333334,0.2978723404255319,0.39436619718309857,0.7320819112627986
2,1,0,0.8496503496503497,0.9204545454545454,0.8496503496503497,0.8836363636363637,0.5870307167235495
2,1,1,0.55,0.2920353982300885,0.55,0.3815028901734104,0.5870307167235495
2,1,2,0.21604938271604937,0.7446808510638298,0.21604938271604937,0.3349282296650718,0.5870307167235495
2,1,3,0.9354838709677419,0.19078947368421054,0.9354838709677419,0.31693989071038253,0.5870307167235495
2,1,4,0.0851063829787234,0.4,0.0851063829787234,0.14035087719298245,0.5870307167235495
2,2,0,0.8146853146853147,0.9628099173553719,0.8146853146853147,0.8825757575757576,0.5921501706484642
2,2,1,0.5833333333333334,0.3125,0.5833333333333334,0.4069767441860465,0.5921501706484642
2,2,2,0.25308641975308643,0.7068965517241379,0.25308641975308643,0.37272727272727274,0.5921501706484642
2,2,3,0.9354838709677419,0.19463087248322147,0.9354838709677419,0.32222222222222224,0.5921501706484642
2,2,4,0.19148936170212766,0.36,0.19148936170212766,0.25,0.5921501706484642
2,3,0,0.7797202797202797,0.9867256637168141,0.7797202797202797,0.87109375,0.6143344709897611
2,3,1,0.5666666666666667,0.272,0.5666666666666667,0.3675675675675676,0.6143344709897611
2,3,2,0.35185185185185186,0.6785714285714286,0.35185185185185186,0.4634146341463415,0.6143344709897611
2,3,3,0.967741935483871,0.24793388429752067,0.967741935483871,0.39473684210526316,0.6143344709897611
2,3,4,0.3404255319148936,0.5333333333333333,0.3404255319148936,0.4155844155844156,0.6143344709897611
2,4,0,0.8216783216783217,0.975103734439834,0.8216783216783217,0.8918406072106262,0.6501706484641638
2,4,1,0.5166666666666667,0.2767857142857143,0.5166666666666667,0.36046511627906974,0.6501706484641638
2,4,2,0.41975308641975306,0.68,0.41975308641975306,0.5190839694656488,0.6501706484641638
2,4,3,0.8387096774193549,0.2765957446808511,0.8387096774193549,0.416,0.6501706484641638
2,4,4,0.44680851063829785,0.5384615384615384,0.44680851063829785,0.4883720930232558,0.6501706484641638
2,5,0,0.9370629370629371,0.9745454545454545,0.9370629370629371,0.9554367201426025,0.7389078498293515
2,5,1,0.6,0.4044943820224719,0.6,0.48322147651006714,0.7389078498293515
2,5,2,0.5308641975308642,0.7350427350427351,0.5308641975308642,0.6164874551971327,0.7389078498293515
2,5,3,0.7096774193548387,0.3055555555555556,0.7096774193548387,0.42718446601941745,0.7389078498293515
2,5,4,0.44680851063829785,0.6363636363636364,0.44680851063829785,0.525,0.7389078498293515
2,6,0,0.8111888111888111,0.9872340425531915,0.8111888111888111,0.8905950095969289,0.6450511945392492
2,6,1,0.4666666666666667,0.27450980392156865,0.4666666666666667,0.345679012345679,0.6450511945392492
2,6,2,0.4691358024691358,0.6785714285714286,0.4691358024691358,0.5547445255474452,0.6450511945392492
2,6,3,0.8387096774193549,0.23008849557522124,0.8387096774193549,0.3611111111111111,0.6450511945392492
2,6,4,0.3404255319148936,0.6666666666666666,0.3404255319148936,0.4507042253521127,0.6450511945392492
2,7,0,0.8146853146853147,0.9872881355932204,0.8146853146853147,0.89272030651341,0.6672354948805461
2,7,1,0.5666666666666667,0.29310344827586204,0.5666666666666667,0.38636363636363635,0.6672354948805461
2,7,2,0.5123456790123457,0.7033898305084746,0.5123456790123457,0.5928571428571429,0.6672354948805461
2,7,3,0.7741935483870968,0.2727272727272727,0.7741935483870968,0.40336134453781514,0.6672354948805461
2,7,4,0.3617021276595745,0.6071428571428571,0.3617021276595745,0.4533333333333333,0.6672354948805461
2,8,0,0.9475524475524476,0.9783393501805054,0.9475524475524476,0.9626998223801065,0.7491467576791809
2,8,1,0.5833333333333334,0.3977272727272727,0.5833333333333334,0.47297297297297297,0.7491467576791809
2,8,2,0.5555555555555556,0.72,0.5555555555555556,0.627177700348432,0.7491467576791809
2,8,3,0.7741935483870968,0.36363636363636365,0.7741935483870968,0.4948453608247423,0.7491467576791809
2,8,4,0.40425531914893614,0.6333333333333333,0.40425531914893614,0.4935064935064935,0.7491467576791809
2,9,0,0.8146853146853147,0.9872881355932204,0.8146853146853147,0.89272030651341,0.7167235494880546
2,9,1,0.5666666666666667,0.3008849557522124,0.5666666666666667,0.3930635838150289,0.7167235494880546
2,9,2,0.6851851851851852,0.7302631578947368,0.6851851851851852,0.7070063694267515,0.7167235494880546
2,9,3,0.7096774193548387,0.46808510638297873,0.7096774193548387,0.5641025641025641,0.7167235494880546
2,9,4,0.425531914893617,0.5263157894736842,0.425531914893617,0.47058823529411764,0.7167235494880546
2,10,0,0.9300699300699301,0.981549815498155,0.9300699300699301,0.9551166965888689,0.742320819112628
2,10,1,0.4166666666666667,0.390625,0.4166666666666667,0.4032258064516129,0.742320819112628
2,10,2,0.6234567901234568,0.696551724137931,0.6234567901234568,0.6579804560260586,0.742320819112628
2,10,3,0.7741935483870968,0.3157894736842105,0.7741935483870968,0.4485981308411215,0.742320819112628
2,10,4,0.40425531914893614,0.6333333333333333,0.40425531914893614,0.4935064935064935,0.742320819112628
2,11,0,0.9265734265734266,0.9814814814814815,0.9265734265734266,0.9532374100719424,0.7559726962457338
2,11,1,0.43333333333333335,0.3939393939393939,0.43333333333333335,0.4126984126984127,0.7559726962457338
2,11,2,0.6728395061728395,0.7077922077922078,0.6728395061728395,0.689873417721519,0.7559726962457338
2,11,3,0.7419354838709677,0.39655172413793105,0.7419354838709677,0.5168539325842697,0.7559726962457338
2,11,4,0.425531914893617,0.5263157894736842,0.425531914893617,0.47058823529411764,0.7559726962457338
2,12,0,0.9265734265734266,0.9814814814814815,0.9265734265734266,0.9532374100719424,0.7337883959044369
2,12,1,0.5,0.3614457831325301,0.5,0.4195804195804196,0.7337883959044369
2,12,2,0.5555555555555556,0.743801652892562,0.5555555555555556,0.6360424028268551,0.7337883959044369
2,12,3,0.8387096774193549,0.34210526315789475,0.8387096774193549,0.48598130841121495,0.7337883959044369
2,12,4,0.40425531914893614,0.5277777777777778,0.40425531914893614,0.4578313253012048,0.7337883959044369
2,13,0,0.8741258741258742,0.9920634920634921,0.8741258741258742,0.929368029739777,0.7013651877133106
2,13,1,0.3333333333333333,0.29411764705882354,0.3333333333333333,0.3125,0.7013651877133106
2,13,2,0.5987654320987654,0.6554054054054054,0.5987654320987654,0.6258064516129033,0.7013651877133106
2,13,3,0.7419354838709677,0.32857142857142857,0.7419354838709677,0.45544554455445546,0.7013651877133106
2,13,4,0.44680851063829785,0.4375,0.44680851063829785,0.4421052631578947,0.7013651877133106
2,14,0,0.9265734265734266,0.9925093632958801,0.9265734265734266,0.9584086799276673,0.7440273037542662
2,14,1,0.43333333333333335,0.38235294117647056,0.43333333333333335,0.40625,0.7440273037542662
2,14,2,0.6419753086419753,0.6933333333333334,0.6419753086419753,0.6666666666666666,0.7440273037542662
2,14,3,0.6451612903225806,0.36363636363636365,0.6451612903225806,0.46511627906976744,0.7440273037542662
2,14,4,0.44680851063829785,0.45652173913043476,0.44680851063829785,0.45161290322580644,0.7440273037542662
2,15,0,0.9475524475524476,0.9854545454545455,0.9475524475524476,0.966131907308378,0.7662116040955631
2,15,1,0.4,0.43636363636363634,0.4,0.41739130434782606,0.7662116040955631
2,15,2,0.6790123456790124,0.7006369426751592,0.6790123456790124,0.6896551724137931,0.7662116040955631
2,15,3,0.7419354838709677,0.39655172413793105,0.7419354838709677,0.5168539325842697,0.7662116040955631
2,15,4,0.44680851063829785,0.5121951219512195,0.44680851063829785,0.4772727272727273,0.7662116040955631
2,16,0,0.9475524475524476,0.9890510948905109,0.9475524475524476,0.9678571428571429,0.7627986348122867
2,16,1,0.4666666666666667,0.42424242424242425,0.4666666666666667,0.4444444444444444,0.7627986348122867
2,16,2,0.6728395061728395,0.689873417721519,0.6728395061728395,0.68125,0.7627986348122867
2,16,3,0.6129032258064516,0.3877551020408163,0.6129032258064516,0.475,0.7627986348122867
2,16,4,0.425531914893617,0.5128205128205128,0.425531914893617,0.46511627906976744,0.7627986348122867
2,17,0,0.965034965034965,0.9857142857142858,0.965034965034965,0.9752650176678446,0.7781569965870307
2,17,1,0.38333333333333336,0.4791666666666667,0.38333333333333336,0.42592592592592593,0.7781569965870307
2,17,2,0.6975308641975309,0.6932515337423313,0.6975308641975309,0.6953846153846154,0.7781569965870307
2,17,3,0.7419354838709677,0.3770491803278688,0.7419354838709677,0.5,0.7781569965870307
2,17,4,0.44680851063829785,0.6176470588235294,0.44680851063829785,0.5185185185185185,0.7781569965870307
2,18,0,0.9615384615384616,0.9892086330935251,0.9615384615384616,0.975177304964539,0.7986348122866894
2,18,1,0.36666666666666664,0.4782608695652174,0.36666666666666664,0.41509433962264153,0.7986348122866894
2,18,2,0.7962962962962963,0.7087912087912088,0.7962962962962963,0.75,0.7986348122866894
2,18,3,0.6774193548387096,0.5,0.6774193548387096,0.5753424657534246,0.7986348122866894
2,18,4,0.44680851063829785,0.5526315789473685,0.44680851063829785,0.49411764705882355,0.7986348122866894
2,19,0,0.965034965034965,0.989247311827957,0.965034965034965,0.9769911504424779,0.7662116040955631
2,19,1,0.35,0.4117647058823529,0.35,0.3783783783783784,0.7662116040955631
2,19,2,0.6851851851851852,0.676829268292683,0.6851851851851852,0.6809815950920245,0.7662116040955631
2,19,3,0.6774193548387096,0.375,0.6774193548387096,0.4827586206896552,0.7662116040955631
2,19,4,0.425531914893617,0.5555555555555556,0.425531914893617,0.4819277108433735,0.7662116040955631
2,20,0,0.9755244755244755,0.9755244755244755,0.9755244755244755,0.9755244755244755,0.773037542662116
2,20,1,0.4,0.46153846153846156,0.4,0.42857142857142855,0.773037542662116
2,20,2,0.6851851851851852,0.7070063694267515,0.6851851851851852,0.6959247648902821,0.773037542662116
2,20,3,0.5806451612903226,0.4090909090909091,0.5806451612903226,0.48,0.773037542662116
2,20,4,0.44680851063829785,0.44680851063829785,0.44680851063829785,0.44680851063829785,0.773037542662116
2,21,0,0.972027972027972,0.9858156028368794,0.972027972027972,0.9788732394366197,0.764505119453925
2,21,1,0.4666666666666667,0.4827586206896552,0.4666666666666667,0.4745762711864407,0.764505119453925
2,21,2,0.6111111111111112,0.7021276595744681,0.6111111111111112,0.6534653465346535,0.764505119453925
2,21,3,0.6774193548387096,0.3684210526315789,0.6774193548387096,0.4772727272727273,0.764505119453925
2,21,4,0.46808510638297873,0.4583333333333333,0.46808510638297873,0.4631578947368421,0.764505119453925
2,22,0,0.9685314685314685,0.9892857142857143,0.9685314685314685,0.9787985865724381,0.7610921501706485
2,22,1,0.35,0.4772727272727273,0.35,0.40384615384615385,0.7610921501706485
2,22,2,0.6481481481481481,0.6862745098039216,0.6481481481481481,0.6666666666666666,0.7610921501706485
2,22,3,0.7741935483870968,0.32432432432432434,0.7741935483870968,0.45714285714285713,0.7610921501706485
2,22,4,0.40425531914893614,0.5428571428571428,0.40425531914893614,0.4634146341463415,0.7610921501706485
2,23,0,0.965034965034965,0.9857142857142858,0.965034965034965,0.9752650176678446,0.7593856655290102
2,23,1,0.43333333333333335,0.4126984126984127,0.43333333333333335,0.42276422764227645,0.7593856655290102
2,23,2,0.6111111111111112,0.6827586206896552,0.6111111111111112,0.6449511400651465,0.7593856655290102
2,23,3,0.8064516129032258,0.390625,0.8064516129032258,0.5263157894736842,0.7593856655290102
2,23,4,0.40425531914893614,0.5588235294117647,0.40425531914893614,0.4691358024691358,0.7593856655290102
2,24,0,0.951048951048951,0.9890909090909091,0.951048951048951,0.9696969696969697,0.7815699658703071
2,24,1,0.4,0.41379310344827586,0.4,0.4067796610169492,0.7815699658703071
2,24,2,0.7407407407407407,0.6976744186046512,0.7407407407407407,0.718562874251497,0.7815699658703071
2,24,3,0.6774193548387096,0.4772727272727273,0.6774193548387096,0.56,0.7815699658703071
2,24,4,0.44680851063829785,0.5675675675675675,0.44680851063829785,0.5,0.7815699658703071
2,25,0,0.9790209790209791,0.9790209790209791,0.9790209790209791,0.9790209790209791,0.7713310580204779
2,25,1,0.38333333333333336,0.46938775510204084,0.38333333333333336,0.42201834862385323,0.7713310580204779
2,25,2,0.6419753086419753,0.6933333333333334,0.6419753086419753,0.6666666666666666,0.7713310580204779
2,25,3,0.7419354838709677,0.41818181818181815,0.7419354838709677,0.5348837209302325,0.7713310580204779
2,25,4,0.46808510638297873,0.4782608695652174,0.46808510638297873,0.4731182795698925,0.7713310580204779
3,1,0,0.8780487804878049,0.9545454545454546,0.8780487804878049,0.9147005444646098,0.6757679180887373
3,1,1,0.6,0.3956043956043956,0.6,0.4768211920529801,0.6757679180887373
3,1,2,0.4567901234567901,0.6491228070175439,0.4567901234567901,0.5362318840579711,0.6757679180887373
3,1,3,0.41935483870967744,0.16666666666666666,0.41935483870967744,0.23853211009174313,0.6757679180887373
3,1,4,0.45652173913043476,0.5384615384615384,0.45652173913043476,0.49411764705882355,0.6757679180887373
3,2,0,0.7909407665505227,0.978448275862069,0.7909407665505227,0.8747591522157996,0.6791808873720137
3,2,1,0.85,0.34,0.85,0.4857142857142857,0.6791808873720137
3,2,2,0.5432098765432098,0.7333333333333333,0.5432098765432098,0.624113475177305,0.6791808873720137
3,2,3,0.3870967741935484,0.24489795918367346,0.3870967741935484,0.3,0.6791808873720137
3,2,4,0.43478260869565216,0.5714285714285714,0.43478260869565216,0.49382716049382713,0.6791808873720137
3,3,0,0.8362369337979094,0.975609756097561,0.8362369337979094,0.900562851782364,0.7081911262798635
3,3,1,0.8166666666666667,0.3888888888888889,0.8166666666666667,0.5268817204301075,0.7081911262798635
3,3,2,0.5370370370370371,0.7631578947368421,0.5370370370370371,0.6304347826086957,0.7081911262798635
3,3,3,0.41935483870967744,0.30952380952380953,0.41935483870967744,0.3561643835616438,0.7081911262798635
3,3,4,0.5652173913043478,0.4482758620689655,0.5652173913043478,0.5,0.7081911262798635
3,4,0,0.8222996515679443,0.9915966386554622,0.8222996515679443,0.8990476190476191,0.6945392491467577
3,4,1,0.7,0.3925233644859813,0.7,0.5029940119760479,0.6945392491467577
3,4,2,0.5246913580246914,0.7522123893805309,0.5246913580246914,0.6181818181818182,0.6945392491467577
3,4,3,0.5483870967741935,0.27419354838709675,0.5483870967741935,0.3655913978494624,0.6945392491467577
3,4,4,0.5869565217391305,0.4090909090909091,0.5869565217391305,0.48214285714285715,0.6945392491467577
3,5,0,0.7979094076655052,0.9870689655172413,0.7979094076655052,0.882466281310212,0.6928327645051194
3,5,1,0.6666666666666666,0.36363636363636365,0.6666666666666666,0.47058823529411764,0.6928327645051194
3,5,2,0.6234567901234568,0.7013888888888888,0.6234567901234568,0.6601307189542484,0.6928327645051194
3,5,3,0.5806451612903226,0.2571428571428571,0.5806451612903226,0.3564356435643564,0.6928327645051194
3,5,4,0.391304347826087,0.6,0.391304347826087,0.47368421052631576,0.6928327645051194
3,6,0,0.8327526132404182,0.987603305785124,0.8327526132404182,0.9035916824196597,0.7167235494880546
3,6,1,0.6833333333333333,0.3867924528301887,0.6833333333333333,0.4939759036144578,0.7167235494880546
3,6,2,0.6604938271604939,0.722972972972973,0.6604938271604939,0.6903225806451613,0.7167235494880546
3,6,3,0.6129032258064516,0.296875,0.6129032258064516,0.4,0.7167235494880546
3,6,4,0.30434782608695654,0.5384615384615384,0.30434782608695654,0.3888888888888889,0.7167235494880546
3,7,0,0.8710801393728222,0.9920634920634921,0.8710801393728222,0.9276437847866419,0.7150170648464164
3,7,1,0.5666666666666667,0.41975308641975306,0.5666666666666667,0.48226950354609927,0.7150170648464164
3,7,2,0.5925925925925926,0.6857142857142857,0.5925925925925926,0.6357615894039735,0.7150170648464164
3,7,3,0.7096774193548387,0.26506024096385544,0.7096774193548387,0.38596491228070173,0.7150170648464164
3,7,4,0.3695652173913043,0.5666666666666667,0.3695652173913043,0.4473684210526316,0.7150170648464164
3,8,0,0.7491289198606271,0.9907834101382489,0.7491289198606271,0.8531746031746031,0.6877133105802048
3,8,1,0.6333333333333333,0.2878787878787879,0.6333333333333333,0.3958333333333333,0.6877133105802048
3,8,2,0.7160493827160493,0.703030303030303,0.7160493827160493,0.709480122324159,0.6877133105802048
3,8,3,0.41935483870967744,0.34210526315789475,0.41935483870967744,0.37681159420289856,0.6877133105802048
3,8,4,0.45652173913043476,0.6176470588235294,0.45652173913043476,0.525,0.6877133105802048
3,9,0,0.8153310104529616,0.9915254237288136,0.8153310104529616,0.8948374760994264,0.6860068259385665
3,9,1,0.48333333333333334,0.3258426966292135,0.48333333333333334,0.38926174496644295,0.6860068259385665
3,9,2,0.6234567901234568,0.6688741721854304,0.6234567901234568,0.645367412140575,0.6860068259385665
3,9,3,0.6129032258064516,0.2638888888888889,0.6129032258064516,0.36893203883495146,0.6860068259385665
3,9,4,0.41304347826086957,0.5,0.41304347826086957,0.4523809523809524,0.6860068259385665
3,10,0,0.8432055749128919,0.9918032786885246,0.8432055749128919,0.911487758945386,0.7303754266211604
3,10,1,0.5333333333333333,0.3902439024390244,0.5333333333333333,0.4507042253521127,0.7303754266211604
3,10,2,0.7283950617283951,0.7023809523809523,0.7283950617283951,0.7151515151515152,0.7303754266211604
3,10,3,0.5483870967741935,0.3333333333333333,0.5483870967741935,0.4146341463414634,0.7303754266211604
3,10,4,0.41304347826086957,0.4634146341463415,0.41304347826086957,0.4367816091954023,0.7303754266211604
3,11,0,0.8780487804878049,0.9960474308300395,0.8780487804878049,0.9333333333333333,0.7406143344709898
3,11,1,0.48333333333333334,0.3972602739726027,0.48333333333333334,0.43609022556390975,0.7406143344709898
3,11,2,0.7345679012345679,0.68,0.7345679012345679,0.7062314540059347,0.7406143344709898
3,11,3,0.5161290322580645,0.3018867924528302,0.5161290322580645,0.38095238095238093,0.7406143344709898
3,11,4,0.391304347826087,0.5625,0.391304347826087,0.46153846153846156,0.7406143344709898
3,12,0,0.794425087108014,0.991304347826087,0.794425087108014,0.8820116054158608,0.7081911262798635
3,12,1,0.55,0.3113207547169811,0.55,0.39759036144578314,0.7081911262798635
3,12,2,0.7469135802469136,0.6994219653179191,0.7469135802469136,0.7223880597014926,0.7081911262798635
3,12,3,0.5161290322580645,0.3137254901960784,0.5161290322580645,0.3902439024390244,0.7081911262798635
3,12,4,0.3695652173913043,0.6538461538461539,0.3695652173913043,0.4722222222222222,0.7081911262798635
3,13,0,0.8885017421602788,0.9845559845559846,0.8885017421602788,0.9340659340659341,0.764505119453925
3,13,1,0.55,0.42857142857142855,0.55,0.48175182481751827,0.764505119453925
3,13,2,0.7716049382716049,0.7267441860465116,0.7716049382716049,0.7485029940119761,0.764505119453925
3,13,3,0.5806451612903226,0.3333333333333333,0.5806451612903226,0.4235294117647059,0.764505119453925
3,13,4,0.3695652173913043,0.7083333333333334,0.3695652173913043,0.4857142857142857,0.764505119453925
3,14,0,0.9407665505226481,0.989010989010989,0.9407665505226481,0.9642857142857143,0.7815699658703071
3,14,1,0.5333333333333333,0.49230769230769234,0.5333333333333333,0.512,0.7815699658703071
3,14,2,0.7345679012345679,0.7125748502994012,0.7345679012345679,0.723404255319149,0.7815699658703071
3,14,3,0.6451612903225806,0.3448275862068966,0.6451612903225806,0.449438202247191,0.7815699658703071
3,14,4,0.3695652173913043,0.7391304347826086,0.3695652173913043,0.4927536231884058,0.7815699658703071
3,15,0,0.9303135888501742,0.985239852398524,0.9303135888501742,0.956989247311828,0.7832764505119454
3,15,1,0.5833333333333334,0.5223880597014925,0.5833333333333334,0.5511811023622047,0.7832764505119454
3,15,2,0.7530864197530864,0.7052023121387283,0.7530864197530864,0.7283582089552239,0.7832764505119454
3,15,3,0.4838709677419355,0.36585365853658536,0.4838709677419355,0.4166666666666667,0.7832764505119454
3,15,4,0.43478260869565216,0.5882352941176471,0.43478260869565216,0.5,0.7832764505119454
3,16,0,0.8850174216027874,0.996078431372549,0.8850174216027874,0.9372693726937269,0.7576791808873721
3,16,1,0.5833333333333334,0.42168674698795183,0.5833333333333334,0.48951048951048953,0.7576791808873721
3,16,2,0.7345679012345679,0.7168674698795181,0.7345679012345679,0.725609756097561,0.7576791808873721
3,16,3,0.5806451612903226,0.33962264150943394,0.5806451612903226,0.42857142857142855,0.7576791808873721
3,16,4,0.391304347826087,0.6206896551724138,0.391304347826087,0.48,0.7576791808873721
3,17,0,0.9128919860627178,0.9812734082397003,0.9128919860627178,0.9458483754512635,0.7627986348122867
3,17,1,0.6,0.47368421052631576,0.6,0.5294117647058824,0.7627986348122867
3,17,2,0.6975308641975309,0.7290322580645161,0.6975308641975309,0.7129337539432177,0.7627986348122867
3,17,3,0.5483870967741935,0.3148148148148148,0.5483870967741935,0.4,0.7627986348122867
3,17,4,0.41304347826086957,0.5588235294117647,0.41304347826086957,0.475,0.7627986348122867
3,18,0,0.8745644599303136,0.9881889763779528,0.8745644599303136,0.9279112754158965,0.7542662116040956
3,18,1,0.5166666666666667,0.4305555555555556,0.5166666666666667,0.4696969696969697,0.7542662116040956
3,18,2,0.7530864197530864,0.7134502923976608,0.7530864197530864,0.7327327327327328,0.7542662116040956
3,18,3,0.6451612903225806,0.3225806451612903,0.6451612903225806,0.43010752688172044,0.7542662116040956
3,18,4,0.391304347826087,0.6666666666666666,0.391304347826087,0.4931506849315068,0.7542662116040956
3,19,0,0.9024390243902439,0.9847908745247148,0.9024390243902439,0.9418181818181818,0.7525597269624573
3,19,1,0.5833333333333334,0.45454545454545453,0.5833333333333334,0.5109489051094891,0.7525597269624573
3,19,2,0.7098765432098766,0.7055214723926381,0.7098765432098766,0.7076923076923077,0.7525597269624573
3,19,3,0.5161290322580645,0.2962962962962963,0.5161290322580645,0.3764705882352941,0.7525597269624573
3,19,4,0.34782608695652173,0.5517241379310345,0.34782608695652173,0.4266666666666667,0.7525597269624573
3,20,0,0.8641114982578397,0.9841269841269841,0.8641114982578397,0.9202226345083488,0.7337883959044369
3,20,1,0.6166666666666667,0.39361702127659576,0.6166666666666667,0.4805194805194805,0.7337883959044369
3,20,2,0.6851851851851852,0.7254901960784313,0.6851851851851852,0.7047619047619048,0.7337883959044369
3,20,3,0.6451612903225806,0.29850746268656714,0.6451612903225806,0.40816326530612246,0.7337883959044369
3,20,4,0.30434782608695654,0.7,0.30434782608695654,0.42424242424242425,0.7337883959044369
3,21,0,0.9303135888501742,0.9816176470588235,0.9303135888501742,0.9552772808586762,0.7764505119453925
3,21,1,0.5833333333333334,0.4861111111111111,0.5833333333333334,0.5303030303030303,0.7764505119453925
3,21,2,0.7345679012345679,0.7041420118343196,0.7345679012345679,0.7190332326283988,0.7764505119453925
3,21,3,0.4838709677419355,0.3488372093023256,0.4838709677419355,0.40540540540540543,0.7764505119453925
3,21,4,0.41304347826086957,0.6333333333333333,0.41304347826086957,0.5,0.7764505119453925
3,22,0,0.8815331010452961,0.9844357976653697,0.8815331010452961,0.9301470588235294,0.7542662116040956
3,22,1,0.5,0.4166666666666667,0.5,0.45454545454545453,0.7542662116040956
3,22,2,0.7962962962962963,0.6789473684210526,0.7962962962962963,0.7329545454545454,0.7542662116040956
3,22,3,0.4838709677419355,0.35714285714285715,0.4838709677419355,0.410958904109589,0.7542662116040956
3,22,4,0.32608695652173914,0.6,0.32608695652173914,0.4225352112676056,0.7542662116040956
4,1,0,0.818815331010453,0.9591836734693877,0.818815331010453,0.8834586466165414,0.5699658703071673
4,1,1,0.48333333333333334,0.3118279569892473,0.48333333333333334,0.3790849673202614,0.5699658703071673
4,1,2,0.2360248447204969,0.6551724137931034,0.2360248447204969,0.3470319634703196,0.5699658703071673
4,1,3,0.9354838709677419,0.16111111111111112,0.9354838709677419,0.27488151658767773,0.5699658703071673
4,1,4,0.06382978723404255,0.3,0.06382978723404255,0.10526315789473684,0.5699658703071673
4,2,0,0.8954703832752613,0.9625468164794008,0.8954703832752613,0.927797833935018,0.6450511945392492
4,2,1,0.5833333333333334,0.3645833333333333,0.5833333333333334,0.44871794871794873,0.6450511945392492
4,2,2,0.2981366459627329,0.7868852459016393,0.2981366459627329,0.43243243243243246,0.6450511945392492
4,2,3,0.8709677419354839,0.19014084507042253,0.8709677419354839,0.31213872832369943,0.6450511945392492
4,2,4,0.23404255319148937,0.55,0.23404255319148937,0.3283582089552239,0.6450511945392492
4,3,0,0.867595818815331,0.9613899613899614,0.867595818815331,0.9120879120879121,0.6535836177474402
4,3,1,0.5666666666666667,0.3617021276595745,0.5666666666666667,0.44155844155844154,0.6535836177474402
4,3,2,0.38509316770186336,0.8611111111111112,0.38509316770186336,0.5321888412017167,0.6535836177474402
4,3,3,0.9354838709677419,0.19463087248322147,0.9354838709677419,0.32222222222222224,0.6535836177474402
4,3,4,0.19148936170212766,0.75,0.19148936170212766,0.3050847457627119,0.6535836177474402
4,4,0,0.867595818815331,0.97265625,0.867595818815331,0.9171270718232044,0.6808873720136519
4,4,1,0.45,0.3333333333333333,0.45,0.3829787234042553,0.6808873720136519
4,4,2,0.5031055900621118,0.7714285714285715,0.5031055900621118,0.6090225563909775,0.6808873720136519
4,4,3,0.8387096774193549,0.23423423423423423,0.8387096774193549,0.36619718309859156,0.6808873720136519
4,4,4,0.3404255319148936,0.48484848484848486,0.3404255319148936,0.4,0.6808873720136519
4,5,0,0.9686411149825784,0.9619377162629758,0.9686411149825784,0.9652777777777778,0.7406143344709898
4,5,1,0.5,0.46153846153846156,0.5,0.48,0.7406143344709898
4,5,2,0.5341614906832298,0.7747747747747747,0.5341614906832298,0.6323529411764706,0.7406143344709898
4,5,3,0.8064516129032258,0.25252525252525254,0.8064516129032258,0.38461538461538464,0.7406143344709898
4,5,4,0.3191489361702128,0.6818181818181818,0.3191489361702128,0.43478260869565216,0.7406143344709898
4,6,0,0.9024390243902439,0.9847908745247148,0.9024390243902439,0.9418181818181818,0.7201365187713311
4,6,1,0.5666666666666667,0.39080459770114945,0.5666666666666667,0.46258503401360546,0.7201365187713311
4,6,2,0.5403726708074534,0.7767857142857143,0.5403726708074534,0.6373626373626373,0.7201365187713311
4,6,3,0.9032258064516129,0.2857142857142857,0.9032258064516129,0.43410852713178294,0.7201365187713311
4,6,4,0.2978723404255319,0.5384615384615384,0.2978723404255319,0.3835616438356164,0.7201365187713311
4,7,0,0.9024390243902439,0.9773584905660377,0.9024390243902439,0.9384057971014492,0.7184300341296929
4,7,1,0.5666666666666667,0.3953488372093023,0.5666666666666667,0.4657534246575342,0.7184300341296929
4,7,2,0.5590062111801242,0.7692307692307693,0.5590062111801242,0.6474820143884892,0.7184300341296929
4,7,3,0.8709677419354839,0.26732673267326734,0.8709677419354839,0.4090909090909091,0.7184300341296929
4,7,4,0.23404255319148937,0.6470588235294118,0.23404255319148937,0.34375,0.7184300341296929
4,8,0,0.8118466898954704,0.9831223628691983,0.8118466898954704,0.8893129770992366,0.689419795221843
4,8,1,0.5833333333333334,0.3211009174311927,0.5833333333333334,0.41420118343195267,0.689419795221843
4,8,2,0.6086956521739131,0.765625,0.6086956521739131,0.6782006920415224,0.689419795221843
4,8,3,0.8064516129032258,0.2777777777777778,0.8064516129032258,0.4132231404958678,0.689419795221843
4,8,4,0.2765957446808511,0.5909090909090909,0.2765957446808511,0.37681159420289856,0.689419795221843
4,9,0,0.89198606271777,0.9770992366412213,0.89198606271777,0.9326047358834244,0.7133105802047781
4,9,1,0.5833333333333334,0.38461538461538464,0.5833333333333334,0.46357615894039733,0.7133105802047781
4,9,2,0.5279503105590062,0.8333333333333334,0.5279503105590062,0.6463878326996197,0.7133105802047781
4,9,3,0.8387096774193549,0.25742574257425743,0.8387096774193549,0.3939393939393939,0.7133105802047781
4,9,4,0.3404255319148936,0.5333333333333333,0.3404255319148936,0.4155844155844156,0.7133105802047781
4,10,0,0.8118466898954704,0.9789915966386554,0.8118466898954704,0.8876190476190476,0.6604095563139932
4,10,1,0.6,0.32432432432432434,0.6,0.42105263157894735,0.6604095563139932
4,10,2,0.4782608695652174,0.8279569892473119,0.4782608695652174,0.6062992125984252,0.6604095563139932
4,10,3,0.9032258064516129,0.23140495867768596,0.9032258064516129,0.3684210526315789,0.6604095563139932
4,10,4,0.2765957446808511,0.5652173913043478,0.2765957446808511,0.37142857142857144,0.6604095563139932
4,11,0,0.9303135888501742,0.9816176470588235,0.9303135888501742,0.9552772808586762,0.7440273037542662
4,11,1,0.45,0.46551724137931033,0.45,0.4576271186440678,0.7440273037542662
4,11,2,0.6149068322981367,0.7734375,0.6149068322981367,0.6851211072664359,0.7440273037542662
4,11,3,0.8387096774193549,0.2826086956521739,0.8387096774193549,0.42276422764227645,0.7440273037542662
4,11,4,0.3617021276595745,0.4722222222222222,0.3617021276595745,0.40963855421686746,0.7440273037542662
4,12,0,0.8954703832752613,0.9771863117870723,0.8954703832752613,0.9345454545454546,0.7047781569965871
4,12,1,0.45,0.35526315789473684,0.45,0.39705882352941174,0.7047781569965871
4,12,2,0.5838509316770186,0.7580645161290323,0.5838509316770186,0.6596491228070176,0.7047781569965871
4,12,3,0.9354838709677419,0.26126126126126126,0.9354838709677419,0.4084507042253521,0.7047781569965871
4,12,4,0.1276595744680851,0.5,0.1276595744680851,0.2033898305084746,0.7047781569965871
4,13,0,0.9512195121951219,0.9612676056338029,0.9512195121951219,0.9562171628721541,0.7542662116040956
4,13,1,0.35,0.4117647058823529,0.35,0.3783783783783784,0.7542662116040956
4,13,2,0.6832298136645962,0.7236842105263158,0.6832298136645962,0.7028753993610224,0.7542662116040956
4,13,3,0.6774193548387096,0.30434782608695654,0.6774193548387096,0.42,0.7542662116040956
4,13,4,0.3617021276595745,0.5666666666666667,0.3617021276595745,0.44155844155844154,0.7542662116040956
4,14,0,0.9547038327526133,0.9716312056737588,0.9547038327526133,0.9630931458699473,0.7679180887372014
4,14,1,0.3333333333333333,0.425531914893617,0.3333333333333333,0.37383177570093457,0.7679180887372014
4,14,2,0.6956521739130435,0.7368421052631579,0.6956521739130435,0.7156549520766773,0.7679180887372014
4,14,3,0.7096774193548387,0.3235294117647059,0.7096774193548387,0.4444444444444444,0.7679180887372014
4,14,4,0.46808510638297873,0.5945945945945946,0.46808510638297873,0.5238095238095238,0.7679180887372014
4,15,0,0.926829268292683,0.9779411764705882,0.926829268292683,0.9516994633273703,0.7576791808873721
4,15,1,0.38333333333333336,0.4107142857142857,0.38333333333333336,0.39655172413793105,0.7576791808873721
4,15,2,0.7018633540372671,0.738562091503268,0.7018633540372671,0.7197452229299363,0.7576791808873721
4,15,3,0.7096774193548387,0.3055555555555556,0.7096774193548387,0.42718446601941745,0.7576791808873721
4,15,4,0.425531914893617,0.6060606060606061,0.425531914893617,0.5,0.7576791808873721
4,16,0,0.9163763066202091,0.9776951672862454,0.9163763066202091,0.9460431654676259,0.7389078498293515
4,16,1,0.43333333333333335,0.37681159420289856,0.43333333333333335,0.40310077519379844,0.7389078498293515
4,16,2,0.6335403726708074,0.7391304347826086,0.6335403726708074,0.6822742474916388,0.7389078498293515
4,16,3,0.6774193548387096,0.28,0.6774193548387096,0.39622641509433965,0.7389078498293515
4,16,4,0.44680851063829785,0.6,0.44680851063829785,0.5121951219512195,0.7389078498293515
4,17,0,0.8815331010452961,0.9768339768339769,0.8815331010452961,0.9267399267399268,0.7508532423208191
4,17,1,0.5,0.37037037037037035,0.5,0.425531914893617,0.7508532423208191
4,17,2,0.7267080745341615,0.7358490566037735,0.7267080745341615,0.73125,0.7508532423208191
4,17,3,0.5806451612903226,0.36,0.5806451612903226,0.4444444444444444,0.7508532423208191
4,17,4,0.46808510638297873,0.5945945945945946,0.46808510638297873,0.5238095238095238,0.7508532423208191
4,18,0,0.8885017421602788,0.9807692307692307,0.8885017421602788,0.9323583180987203,0.7406143344709898
4,18,1,0.45,0.36486486486486486,0.45,0.40298507462686567,0.7406143344709898
4,18,2,0.7080745341614907,0.7307692307692307,0.7080745341614907,0.7192429022082019,0.7406143344709898
4,18,3,0.7741935483870968,0.3333333333333333,0.7741935483870968,0.46601941747572817,0.7406143344709898
4,18,4,0.2978723404255319,0.5833333333333334,0.2978723404255319,0.39436619718309857,0.7406143344709898
4,19,0,0.9407665505226481,0.9818181818181818,0.9407665505226481,0.9608540925266904,0.7713310580204779
4,19,1,0.43333333333333335,0.48148148148148145,0.43333333333333335,0.45614035087719296,0.7713310580204779
4,19,2,0.7142857142857143,0.756578947368421,0.7142857142857143,0.7348242811501597,0.7713310580204779
4,19,3,0.7741935483870968,0.32,0.7741935483870968,0.4528301886792453,0.7713310580204779
4,19,4,0.3617021276595745,0.5666666666666667,0.3617021276595745,0.44155844155844154,0.7713310580204779
4,20,0,0.9616724738675958,0.971830985915493,0.9616724738675958,0.9667250437828371,0.7525597269624573
4,20,1,0.5166666666666667,0.49206349206349204,0.5166666666666667,0.5040650406504065,0.7525597269624573
4,20,2,0.577639751552795,0.768595041322314,0.577639751552795,0.6595744680851063,0.7525597269624573
4,20,3,0.8387096774193549,0.27956989247311825,0.8387096774193549,0.41935483870967744,0.7525597269624573
4,20,4,0.3191489361702128,0.6,0.3191489361702128,0.4166666666666667,0.7525597269624573
4,21,0,0.9512195121951219,0.9715302491103203,0.9512195121951219,0.9612676056338029,0.779863481228669
4,21,1,0.5333333333333333,0.49230769230769234,0.5333333333333333,0.512,0.779863481228669
4,21,2,0.6894409937888198,0.7551020408163265,0.6894409937888198,0.7207792207792207,0.779863481228669
4,21,3,0.8064516129032258,0.36231884057971014,0.8064516129032258,0.5,0.779863481228669
4,21,4,0.3404255319148936,0.6666666666666666,0.3404255319148936,0.4507042253521127,0.779863481228669
4,22,0,0.9477351916376306,0.9855072463768116,0.9477351916376306,0.9662522202486679,0.7679180887372014
4,22,1,0.36666666666666664,0.43137254901960786,0.36666666666666664,0.3963963963963964,0.7679180887372014
4,22,2,0.7329192546583851,0.6941176470588235,0.7329192546583851,0.7129909365558912,0.7679180887372014
4,22,3,0.7419354838709677,0.3709677419354839,0.7419354838709677,0.4946236559139785,0.7679180887372014
4,22,4,0.3191489361702128,0.5555555555555556,0.3191489361702128,0.40540540540540543,0.7679180887372014
4,23,0,0.9198606271777003,0.9777777777777777,0.9198606271777003,0.947935368043088,0.7576791808873721
4,23,1,0.48333333333333334,0.4393939393939394,0.48333333333333334,0.4603174603174603,0.7576791808873721
4,23,2,0.6956521739130435,0.7417218543046358,0.6956521739130435,0.717948717948718,0.7576791808873721
4,23,3,0.7741935483870968,0.32432432432432434,0.7741935483870968,0.45714285714285713,0.7576791808873721
4,23,4,0.3191489361702128,0.6,0.3191489361702128,0.4166666666666667,0.7576791808873721
4,24,0,0.9512195121951219,0.9820143884892086,0.9512195121951219,0.9663716814159292,0.7406143344709898
4,24,1,0.3,0.43902439024390244,0.3,0.3564356435643564,0.7406143344709898
4,24,2,0.6459627329192547,0.7074829931972789,0.6459627329192547,0.6753246753246753,0.7406143344709898
4,24,3,0.8387096774193549,0.2653061224489796,0.8387096774193549,0.40310077519379844,0.7406143344709898
4,24,4,0.2765957446808511,0.5909090909090909,0.2765957446808511,0.37681159420289856,0.7406143344709898
4,25,0,0.9407665505226481,0.967741935483871,0.9407665505226481,0.9540636042402827,0.7474402730375427
4,25,1,0.45,0.4576271186440678,0.45,0.453781512605042,0.7474402730375427
4,25,2,0.6273291925465838,0.7266187050359713,0.6273291925465838,0.6733333333333333,0.7474402730375427
4,25,3,0.8064516129032258,0.28735632183908044,0.8064516129032258,0.423728813559322,0.7474402730375427
4,25,4,0.3191489361702128,0.6818181818181818,0.3191489361702128,0.43478260869565216,0.7474402730375427
4,26,0,0.8780487804878049,0.980544747081712,0.8780487804878049,0.9264705882352942,0.726962457337884
4,26,1,0.4666666666666667,0.3373493975903614,0.4666666666666667,0.3916083916083916,0.726962457337884
4,26,2,0.6770186335403726,0.7124183006535948,0.6770186335403726,0.6942675159235668,0.726962457337884
4,26,3,0.7419354838709677,0.3382352941176471,0.7419354838709677,0.46464646464646464,0.726962457337884
4,26,4,0.2978723404255319,0.56,0.2978723404255319,0.3888888888888889,0.726962457337884
4,27,0,0.9547038327526133,0.9716312056737588,0.9547038327526133,0.9630931458699473,0.7713310580204779
4,27,1,0.5,0.4838709677419355,0.5,0.4918032786885246,0.7713310580204779
4,27,2,0.6832298136645962,0.7482993197278912,0.6832298136645962,0.7142857142857143,0.7713310580204779
4,27,3,0.7741935483870968,0.34285714285714286,0.7741935483870968,0.4752475247524752,0.7713310580204779
4,27,4,0.2978723404255319,0.56,0.2978723404255319,0.3888888888888889,0.7713310580204779
4,28,0,0.9581881533101045,0.9786476868327402,0.9581881533101045,0.9683098591549296,0.7713310580204779
4,28,1,0.43333333333333335,0.5,0.43333333333333335,0.4642857142857143,0.7713310580204779
4,28,2,0.7142857142857143,0.732484076433121,0.7142857142857143,0.7232704402515723,0.7713310580204779
4,28,3,0.8387096774193549,0.3170731707317073,0.8387096774193549,0.46017699115044247,0.7713310580204779
4,28,4,0.2127659574468085,0.7142857142857143,0.2127659574468085,0.32786885245901637,0.7713310580204779
5,1,0,0.9024390243902439,0.9184397163120568,0.9024390243902439,0.9103690685413005,0.6501706484641638
5,1,1,0.43333333333333335,0.37681159420289856,0.43333333333333335,0.40310077519379844,0.6501706484641638
5,1,2,0.36024844720496896,0.6904761904761905,0.36024844720496896,0.47346938775510206,0.6501706484641638
5,1,3,0.6774193548387096,0.20588235294117646,0.6774193548387096,0.3157894736842105,0.6501706484641638
5,1,4,0.3617021276595745,0.3469387755102041,0.3617021276595745,0.3541666666666667,0.6501706484641638
5,2,0,0.8083623693379791,0.9666666666666667,0.8083623693379791,0.8804554079696395,0.6228668941979523
5,2,1,0.48333333333333334,0.29292929292929293,0.48333333333333334,0.36477987421383645,0.6228668941979523
5,2,2,0.36645962732919257,0.8194444444444444,0.36645962732919257,0.5064377682403434,0.6228668941979523
5,2,3,0.8709677419354839,0.20149253731343283,0.8709677419354839,0.32727272727272727,0.6228668941979523
5,2,4,0.3829787234042553,0.43902439024390244,0.3829787234042553,0.4090909090909091,0.6228668941979523
5,3,0,0.8850174216027874,0.9657794676806084,0.8850174216027874,0.9236363636363636,0.6774744027303754
5,3,1,0.5833333333333334,0.3804347826086957,0.5833333333333334,0.4605263157894737,0.6774744027303754
5,3,2,0.40372670807453415,0.7926829268292683,0.40372670807453415,0.5349794238683128,0.6774744027303754
5,3,3,0.7419354838709677,0.23,0.7419354838709677,0.3511450381679389,0.6774744027303754
5,3,4,0.425531914893617,0.40816326530612246,0.425531914893617,0.4166666666666667,0.6774744027303754
5,4,0,0.7874564459930313,0.9783549783549783,0.7874564459930313,0.8725868725868726,0.6569965870307167
5,4,1,0.5666666666666667,0.3148148148148148,0.5666666666666667,0.40476190476190477,0.6569965870307167
5,4,2,0.4782608695652174,0.8651685393258427,0.4782608695652174,0.616,0.6569965870307167
5,4,3,0.8064516129032258,0.26881720430107525,0.8064516129032258,0.4032258064516129,0.6569965870307167
5,4,4,0.48936170212765956,0.35384615384615387,0.48936170212765956,0.4107142857142857,0.6569965870307167
5,5,0,0.867595818815331,0.9764705882352941,0.867595818815331,0.9188191881918819,0.7218430034129693
5,5,1,0.5666666666666667,0.3953488372093023,0.5666666666666667,0.4657534246575342,0.7218430034129693
5,5,2,0.5962732919254659,0.8,0.5962732919254659,0.6832740213523132,0.7218430034129693
5,5,3,0.5483870967741935,0.2698412698412698,0.5483870967741935,0.3617021276595745,0.7218430034129693
5,5,4,0.574468085106383,0.43548387096774194,0.574468085106383,0.4954128440366973,0.7218430034129693
5,6,0,0.818815331010453,0.9791666666666666,0.818815331010453,0.8918406072106262,0.6945392491467577
5,6,1,0.48333333333333334,0.3118279569892473,0.48333333333333334,0.3790849673202614,0.6945392491467577
5,6,2,0.6149068322981367,0.7557251908396947,0.6149068322981367,0.678082191780822,0.6945392491467577
5,6,3,0.6451612903225806,0.2631578947368421,0.6451612903225806,0.37383177570093457,0.6945392491467577
5,6,4,0.5106382978723404,0.5217391304347826,0.5106382978723404,0.5161290322580645,0.6945392491467577
5,7,0,0.8606271777003485,0.9801587301587301,0.8606271777003485,0.9165120593692022,0.7167235494880546
5,7,1,0.5333333333333333,0.367816091954023,0.5333333333333333,0.43537414965986393,0.7167235494880546
5,7,2,0.6211180124223602,0.7692307692307693,0.6211180124223602,0.6872852233676976,0.7167235494880546
5,7,3,0.6129032258064516,0.24675324675324675,0.6129032258064516,0.35185185185185186,0.7167235494880546
5,7,4,0.46808510638297873,0.55,0.46808510638297873,0.5057471264367817,0.7167235494880546
5,8,0,0.759581881533101,0.9775784753363229,0.759581881533101,0.8549019607843137,0.6843003412969283
5,8,1,0.4666666666666667,0.27450980392156865,0.4666666666666667,0.345679012345679,0.6843003412969283
5,8,2,0.7080745341614907,0.7215189873417721,0.7080745341614907,0.7147335423197492,0.6843003412969283
5,8,3,0.41935483870967744,0.2653061224489796,0.41935483870967744,0.325,0.6843003412969283
5,8,4,0.5957446808510638,0.5185185185185185,0.5957446808510638,0.5544554455445545,0.6843003412969283
5,9,0,0.9198606271777003,0.9777777777777777,0.9198606271777003,0.947935368043088,0.7491467576791809
5,9,1,0.6166666666666667,0.42045454545454547,0.6166666666666667,0.5,0.7491467576791809
5,9,2,0.6459627329192547,0.7482014388489209,0.6459627329192547,0.6933333333333334,0.7491467576791809
5,9,3,0.41935483870967744,0.25,0.41935483870967744,0.3132530120481928,0.7491467576791809
5,9,4,0.44680851063829785,0.5675675675675675,0.44680851063829785,0.5,0.7491467576791809
5,10,0,0.8745644599303136,0.9766536964980544,0.8745644599303136,0.9227941176470589,0.7440273037542662
5,10,1,0.55,0.39759036144578314,0.55,0.46153846153846156,0.7440273037542662
5,10,2,0.7391304347826086,0.725609756097561,0.7391304347826086,0.7323076923076923,0.7440273037542662
5,10,3,0.41935483870967744,0.26,0.41935483870967744,0.32098765432098764,0.7440273037542662
5,10,4,0.425531914893617,0.625,0.425531914893617,0.5063291139240507,0.7440273037542662
5,11,0,0.8327526132404182,0.9795081967213115,0.8327526132404182,0.9001883239171374,0.7184300341296929
5,11,1,0.6,0.33962264150943394,0.6,0.43373493975903615,0.7184300341296929
5,11,2,0.6770186335403726,0.7569444444444444,0.6770186335403726,0.7147540983606557,0.7184300341296929
5,11,3,0.41935483870967744,0.25,0.41935483870967744,0.3132530120481928,0.7184300341296929
5,11,4,0.5106382978723404,0.6,0.5106382978723404,0.5517241379310345,0.7184300341296929
5,12,0,0.8710801393728222,0.9727626459143969,0.8710801393728222,0.9191176470588235,0.726962457337884
5,12,1,0.5333333333333333,0.34782608695652173,0.5333333333333333,0.42105263157894735,0.726962457337884
5,12,2,0.6459627329192547,0.7536231884057971,0.6459627329192547,0.6956521739130435,0.726962457337884
5,12,3,0.41935483870967744,0.26,0.41935483870967744,0.32098765432098764,0.726962457337884
5,12,4,0.574468085106383,0.5510204081632653,0.574468085106383,0.5625,0.726962457337884
5,13,0,0.8397212543554007,0.9757085020242915,0.8397212543554007,0.9026217228464419,0.7150170648464164
5,13,1,0.5333333333333333,0.35555555555555557,0.5333333333333333,0.4266666666666667,0.7150170648464164
5,13,2,0.639751552795031,0.762962962962963,0.639751552795031,0.6959459459459459,0.7150170648464164
5,13,3,0.4838709677419355,0.2631578947368421,0.4838709677419355,0.3409090909090909,0.7150170648464164
5,13,4,0.5957446808510638,0.49122807017543857,0.5957446808510638,0.5384615384615384,0.7150170648464164
5,14,0,0.9024390243902439,0.9773584905660377,0.9024390243902439,0.9384057971014492,0.7542662116040956
5,14,1,0.5333333333333333,0.4,0.5333333333333333,0.45714285714285713,0.7542662116040956
5,14,2,0.6770186335403726,0.7569444444444444,0.6770186335403726,0.7147540983606557,0.7542662116040956
5,14,3,0.3548387096774194,0.2619047619047619,0.3548387096774194,0.3013698630136986,0.7542662116040956
5,14,4,0.6595744680851063,0.5636363636363636,0.6595744680851063,0.6078431372549019,0.7542662116040956
5,15,0,0.9233449477351916,0.977859778597786,0.9233449477351916,0.9498207885304659,0.7696245733788396
5,15,1,0.6,0.46153846153846156,0.6,0.5217391304347826,0.7696245733788396
5,15,2,0.6708074534161491,0.782608695652174,0.6708074534161491,0.7224080267558528,0.7696245733788396
5,15,3,0.5161290322580645,0.3076923076923077,0.5161290322580645,0.3855421686746988,0.7696245733788396
5,15,4,0.5531914893617021,0.5531914893617021,0.5531914893617021,0.5531914893617021,0.7696245733788396
5,16,0,0.9163763066202091,0.9776951672862454,0.9163763066202091,0.9460431654676259,0.7508532423208191
5,16,1,0.5333333333333333,0.43243243243243246,0.5333333333333333,0.47761194029850745,0.7508532423208191
5,16,2,0.6149068322981367,0.7615384615384615,0.6149068322981367,0.6804123711340206,0.7508532423208191
5,16,3,0.3870967741935484,0.27906976744186046,0.3870967741935484,0.32432432432432434,0.7508532423208191
5,16,4,0.723404255319149,0.4857142857142857,0.723404255319149,0.5811965811965812,0.7508532423208191
5,17,0,0.8885017421602788,0.9770114942528736,0.8885017421602788,0.9306569343065694,0.7372013651877133
5,17,1,0.48333333333333334,0.4027777777777778,0.48333333333333334,0.4393939393939394,0.7372013651877133
5,17,2,0.6708074534161491,0.75,0.6708074534161491,0.7081967213114754,0.7372013651877133
5,17,3,0.4838709677419355,0.234375,0.4838709677419355,0.3157894736842105,0.7372013651877133
5,17,4,0.5319148936170213,0.5555555555555556,0.5319148936170213,0.5434782608695652,0.7372013651877133
5,18,0,0.9581881533101045,0.9717314487632509,0.9581881533101045,0.9649122807017544,0.7969283276450512
5,18,1,0.5333333333333333,0.5517241379310345,0.5333333333333333,0.5423728813559322,0.7969283276450512
5,18,2,0.7453416149068323,0.7453416149068323,0.7453416149068323,0.7453416149068323,0.7969283276450512
5,18,3,0.2903225806451613,0.2903225806451613,0.2903225806451613,0.2903225806451613,0.7969283276450512
5,18,4,0.6595744680851063,0.5849056603773585,0.6595744680851063,0.62,0.7969283276450512
5,19,0,0.9128919860627178,0.9776119402985075,0.9128919860627178,0.9441441441441442,0.7491467576791809
5,19,1,0.55,0.44,0.55,0.4888888888888889,0.7491467576791809
5,19,2,0.6521739130434783,0.7553956834532374,0.6521739130434783,0.7,0.7491467576791809
5,19,3,0.45161290322580644,0.23333333333333334,0.45161290322580644,0.3076923076923077,0.7491467576791809
5,19,4,0.5319148936170213,0.5681818181818182,0.5319148936170213,0.5494505494505495,0.7491467576791809
5,20,0,0.9372822299651568,0.9746376811594203,0.9372822299651568,0.955595026642984,0.7781569965870307
5,20,1,0.55,0.5238095238095238,0.55,0.5365853658536586,0.7781569965870307
5,20,2,0.7018633540372671,0.7483443708609272,0.7018633540372671,0.7243589743589743,0.7781569965870307
5,20,3,0.41935483870967744,0.2765957446808511,0.41935483870967744,0.3333333333333333,0.7781569965870307
5,20,4,0.5957446808510638,0.5714285714285714,0.5957446808510638,0.5833333333333334,0.7781569965870307
5,21,0,0.9198606271777003,0.9814126394052045,0.9198606271777003,0.9496402877697842,0.7747440273037542
5,21,1,0.5166666666666667,0.45588235294117646,0.5166666666666667,0.484375,0.7747440273037542
5,21,2,0.7329192546583851,0.7712418300653595,0.7329192546583851,0.7515923566878981,0.7747440273037542
5,21,3,0.3225806451612903,0.2564102564102564,0.3225806451612903,0.2857142857142857,0.7747440273037542
5,21,4,0.6595744680851063,0.543859649122807,0.6595744680851063,0.5961538461538461,0.7747440273037542
5,22,0,0.9233449477351916,0.977859778597786,0.9233449477351916,0.9498207885304659,0.779863481228669
5,22,1,0.5333333333333333,0.48484848484848486,0.5333333333333333,0.5079365079365079,0.779863481228669
5,22,2,0.7453416149068323,0.7407407407407407,0.7453416149068323,0.7430340557275542,0.779863481228669
5,22,3,0.3225806451612903,0.29411764705882354,0.3225806451612903,0.3076923076923077,0.779863481228669
5,22,4,0.6382978723404256,0.5660377358490566,0.6382978723404256,0.6,0.779863481228669
5,23,0,0.9303135888501742,0.9744525547445255,0.9303135888501742,0.9518716577540107,0.7696245733788396
5,23,1,0.5666666666666667,0.4722222222222222,0.5666666666666667,0.5151515151515151,0.7696245733788396
5,23,2,0.6894409937888198,0.7551020408163265,0.6894409937888198,0.7207792207792207,0.7696245733788396
5,23,3,0.3870967741935484,0.26666666666666666,0.3870967741935484,0.3157894736842105,0.7696245733788396
5,23,4,0.574468085106383,0.5625,0.574468085106383,0.5684210526315789,0.7696245733788396
5,24,0,0.9198606271777003,0.974169741697417,0.9198606271777003,0.946236559139785,0.7764505119453925
5,24,1,0.5166666666666667,0.49206349206349204,0.5166666666666667,0.5040650406504065,0.7764505119453925
5,24,2,0.7329192546583851,0.7612903225806451,0.7329192546583851,0.7468354430379747,0.7764505119453925
5,24,3,0.3870967741935484,0.27906976744186046,0.3870967741935484,0.32432432432432434,0.7764505119453925
5,24,4,0.6382978723404256,0.5555555555555556,0.6382978723404256,0.594059405940594,0.7764505119453925
5,25,0,0.867595818815331,0.9764705882352941,0.867595818815331,0.9188191881918819,0.7679180887372014
5,25,1,0.5333333333333333,0.3902439024390244,0.5333333333333333,0.4507042253521127,0.7679180887372014
5,25,2,0.8136645962732919,0.7485714285714286,0.8136645962732919,0.7797619047619048,0.7679180887372014
5,25,3,0.2903225806451613,0.32142857142857145,0.2903225806451613,0.3050847457627119,0.7679180887372014
5,25,4,0.6170212765957447,0.6304347826086957,0.6170212765957447,0.6236559139784946,0.7679180887372014
