fold,epoch,class,accuracy,precision,recall,f1-score,overall_accuracy
1,1,0,0.710801393728223,0.7132867132867133,0.710801393728223,0.7120418848167539,0.5085324232081911
1,1,1,0.13333333333333333,0.11594202898550725,0.13333333333333333,0.12403100775193798,0.5085324232081911
1,1,2,0.48148148148148145,0.484472049689441,0.48148148148148145,0.48297213622291024,0.5085324232081911
1,1,3,0.1,0.08333333333333333,0.1,0.09090909090909091,0.5085324232081911
1,1,4,0.10638297872340426,0.14705882352941177,0.10638297872340426,0.12345679012345678,0.5085324232081911
1,2,0,0.9721254355400697,0.768595041322314,0.9721254355400697,0.8584615384615385,0.6416382252559727
1,2,1,0.21666666666666667,0.3170731707317073,0.21666666666666667,0.25742574257425743,0.6416382252559727
1,2,2,0.3888888888888889,0.6176470588235294,0.3888888888888889,0.4772727272727273,0.6416382252559727
1,2,3,0.36666666666666664,0.2619047619047619,0.36666666666666664,0.3055555555555556,0.6416382252559727
1,2,4,0.2127659574468085,0.2631578947368421,0.2127659574468085,0.23529411764705882,0.6416382252559727
1,3,0,0.9895470383275261,0.8137535816618912,0.9895470383275261,0.8930817610062893,0.689419795221843
1,3,1,0.21666666666666667,0.4642857142857143,0.21666666666666667,0.29545454545454547,0.689419795221843
1,3,2,0.4876543209876543,0.6694915254237288,0.4876543209876543,0.5642857142857143,0.689419795221843
1,3,3,0.4666666666666667,0.2978723404255319,0.4666666666666667,0.36363636363636365,0.689419795221843
1,3,4,0.2978723404255319,0.3181818181818182,0.2978723404255319,0.3076923076923077,0.689419795221843
1,4,0,0.9930313588850174,0.8382352941176471,0.9930313588850174,0.9090909090909091,0.71160409556314
1,4,1,0.26666666666666666,0.47058823529411764,0.26666666666666666,0.3404255319148936,0.71160409556314
1,4,2,0.5246913580246914,0.6910569105691057,0.5246913580246914,0.5964912280701754,0.71160409556314
1,4,3,0.5333333333333333,0.3333333333333333,0.5333333333333333,0.41025641025641024,0.71160409556314
1,4,4,0.3191489361702128,0.36585365853658536,0.3191489361702128,0.3409090909090909,0.71160409556314
1,5,0,0.9965156794425087,0.8461538461538461,0.9965156794425087,0.9152,0.726962457337884
1,5,1,0.2833333333333333,0.5151515151515151,0.2833333333333333,0.3655913978494624,0.726962457337884
1,5,2,0.5864197530864198,0.7142857142857143,0.5864197530864198,0.6440677966101694,0.726962457337884
1,5,3,0.5,0.3125,0.5,0.38461538461538464,0.726962457337884
1,5,4,0.2765957446808511,0.38235294117647056,0.2765957446808511,0.32098765432098764,0.726962457337884
1,6,0,0.9965156794425087,0.8562874251497006,0.9965156794425087,0.9210950080515298,0.742320819112628
1,6,1,0.26666666666666666,0.5517241379310345,0.26666666666666666,0.3595505617977528,0.742320819112628
1,6,2,0.654320987654321,0.6928104575163399,0.654320987654321,0.6730158730158731,0.742320819112628
1,6,3,0.5666666666666667,0.3333333333333333,0.5666666666666667,0.41975308641975306,0.742320819112628
1,6,4,0.2127659574468085,0.5263157894736842,0.2127659574468085,0.30303030303030304,0.742320819112628
1,7,0,0.9965156794425087,0.89375,0.9965156794425087,0.942339373970346,0.7542662116040956
1,7,1,0.35,0.6176470588235294,0.35,0.44680851063829785,0.7542662116040956
1,7,2,0.6234567901234568,0.7372262773722628,0.6234567901234568,0.6755852842809364,0.7542662116040956
1,7,3,0.6333333333333333,0.3064516129032258,0.6333333333333333,0.41304347826086957,0.7542662116040956
1,7,4,0.3191489361702128,0.45454545454545453,0.3191489361702128,0.375,0.7542662116040956
1,8,0,0.9965156794425087,0.9137380191693291,0.9965156794425087,0.9533333333333334,0.7627986348122867
1,8,1,0.36666666666666664,0.7096774193548387,0.36666666666666664,0.4835164835164835,0.7627986348122867
1,8,2,0.6172839506172839,0.7575757575757576,0.6172839506172839,0.6802721088435374,0.7627986348122867
1,8,3,0.7,0.3,0.7,0.42,0.7627986348122867
1,8,4,0.3829787234042553,0.45,0.3829787234042553,0.41379310344827586,0.7627986348122867
1,9,0,0.9965156794425087,0.9255663430420712,0.9965156794425087,0.959731543624161,0.7747440273037542
1,9,1,0.38333333333333336,0.7666666666666667,0.38333333333333336,0.5111111111111111,0.7747440273037542
1,9,2,0.6604938271604939,0.7328767123287672,0.6604938271604939,0.6948051948051948,0.7747440273037542
1,9,3,0.5,0.29411764705882354,0.5,0.37037037037037035,0.7747440273037542
1,9,4,0.48936170212765956,0.46,0.48936170212765956,0.4742268041237113,0.7747440273037542
1,10,0,1.0,0.9140127388535032,1.0,0.9550748752079867,0.7781569965870307
1,10,1,0.4166666666666667,0.7142857142857143,0.4166666666666667,0.5263157894736842,0.7781569965870307
1,10,2,0.691358024691358,0.7466666666666667,0.691358024691358,0.717948717948718,0.7781569965870307
1,10,3,0.5333333333333333,0.2807017543859649,0.5333333333333333,0.367816091954023,0.7781569965870307
1,10,4,0.3404255319148936,0.5333333333333333,0.3404255319148936,0.4155844155844156,0.7781569965870307
1,11,0,1.0,0.9258064516129032,1.0,0.9614740368509213,0.7832764505119454
1,11,1,0.38333333333333336,0.7419354838709677,0.38333333333333336,0.5054945054945055,0.7832764505119454
1,11,2,0.691358024691358,0.7368421052631579,0.691358024691358,0.7133757961783439,0.7832764505119454
1,11,3,0.5333333333333333,0.3076923076923077,0.5333333333333333,0.3902439024390244,0.7832764505119454
1,11,4,0.44680851063829785,0.5121951219512195,0.44680851063829785,0.4772727272727273,0.7832764505119454
1,12,0,1.0,0.9318181818181818,1.0,0.9647058823529412,0.78839590443686
1,12,1,0.43333333333333335,0.7222222222222222,0.43333333333333335,0.5416666666666666,0.78839590443686
1,12,2,0.6851851851851852,0.74,0.6851851851851852,0.7115384615384616,0.78839590443686
1,12,3,0.6,0.32142857142857145,0.6,0.4186046511627907,0.78839590443686
1,12,4,0.425531914893617,0.5555555555555556,0.425531914893617,0.4819277108433735,0.78839590443686
1,13,0,0.9965156794425087,0.9662162162162162,0.9965156794425087,0.9811320754716981,0.8054607508532423
1,13,1,0.43333333333333335,0.7222222222222222,0.43333333333333335,0.5416666666666666,0.8054607508532423
1,13,2,0.7592592592592593,0.7192982456140351,0.7592592592592593,0.7387387387387387,0.8054607508532423
1,13,3,0.5,0.32608695652173914,0.5,0.39473684210526316,0.8054607508532423
1,13,4,0.46808510638297873,0.5945945945945946,0.46808510638297873,0.5238095238095238,0.8054607508532423
1,14,0,0.9965156794425087,0.9629629629629629,0.9965156794425087,0.9794520547945206,0.795221843003413
1,14,1,0.4666666666666667,0.7567567567567568,0.4666666666666667,0.5773195876288659,0.795221843003413
1,14,2,0.7098765432098766,0.71875,0.7098765432098766,0.7142857142857143,0.795221843003413
1,14,3,0.5666666666666667,0.29310344827586204,0.5666666666666667,0.38636363636363635,0.795221843003413
1,14,4,0.425531914893617,0.5882352941176471,0.425531914893617,0.49382716049382713,0.795221843003413
1,15,0,1.0,0.9379084967320261,1.0,0.9679595278246206,0.7849829351535836
1,15,1,0.38333333333333336,0.7419354838709677,0.38333333333333336,0.5054945054945055,0.7849829351535836
1,15,2,0.6851851851851852,0.7302631578947368,0.6851851851851852,0.7070063694267515,0.7849829351535836
1,15,3,0.6,0.29508196721311475,0.6,0.3956043956043956,0.7849829351535836
1,15,4,0.44680851063829785,0.5833333333333334,0.44680851063829785,0.5060240963855421,0.7849829351535836
1,16,0,0.9965156794425087,0.934640522875817,0.9965156794425087,0.9645868465430016,0.7815699658703071
1,16,1,0.4,0.6486486486486487,0.4,0.4948453608247423,0.7815699658703071
1,16,2,0.6481481481481481,0.7342657342657343,0.6481481481481481,0.6885245901639344,0.7815699658703071
1,16,3,0.6333333333333333,0.3114754098360656,0.6333333333333333,0.4175824175824176,0.7815699658703071
1,16,4,0.5106382978723404,0.6153846153846154,0.5106382978723404,0.5581395348837209,0.7815699658703071
1,17,0,1.0,0.9728813559322034,1.0,0.9862542955326461,0.779863481228669
1,17,1,0.4166666666666667,0.8064516129032258,0.4166666666666667,0.5494505494505495,0.779863481228669
1,17,2,0.6728395061728395,0.7124183006535948,0.6728395061728395,0.692063492063492,0.779863481228669
1,17,3,0.6666666666666666,0.25316455696202533,0.6666666666666666,0.3669724770642202,0.779863481228669
1,17,4,0.3404255319148936,0.5714285714285714,0.3404255319148936,0.4266666666666667,0.779863481228669
1,18,0,0.9965156794425087,0.9565217391304348,0.9965156794425087,0.9761092150170648,0.7969283276450512
1,18,1,0.4166666666666667,0.7352941176470589,0.4166666666666667,0.5319148936170213,0.7969283276450512
1,18,2,0.7098765432098766,0.732484076433121,0.7098765432098766,0.7210031347962382,0.7969283276450512
1,18,3,0.5333333333333333,0.32653061224489793,0.5333333333333333,0.4050632911392405,0.7969283276450512
1,18,4,0.5319148936170213,0.5319148936170213,0.5319148936170213,0.5319148936170213,0.7969283276450512
1,19,0,1.0,0.9534883720930233,1.0,0.9761904761904762,0.795221843003413
1,19,1,0.36666666666666664,0.7333333333333333,0.36666666666666664,0.4888888888888889,0.795221843003413
1,19,2,0.7160493827160493,0.7204968944099379,0.7160493827160493,0.718266253869969,0.795221843003413
1,19,3,0.6333333333333333,0.3392857142857143,0.6333333333333333,0.4418604651162791,0.795221843003413
1,19,4,0.46808510638297873,0.5789473684210527,0.46808510638297873,0.5176470588235295,0.795221843003413
1,20,0,0.9965156794425087,0.9662162162162162,0.9965156794425087,0.9811320754716981,0.8088737201365188
1,20,1,0.45,0.6923076923076923,0.45,0.5454545454545454,0.8088737201365188
1,20,2,0.7407407407407407,0.7228915662650602,0.7407407407407407,0.7317073170731707,0.8088737201365188
1,20,3,0.6,0.35294117647058826,0.6,0.4444444444444444,0.8088737201365188
1,20,4,0.48936170212765956,0.6764705882352942,0.48936170212765956,0.5679012345679012,0.8088737201365188
1,21,0,0.9965156794425087,0.9727891156462585,0.9965156794425087,0.9845094664371773,0.8191126279863481
1,21,1,0.43333333333333335,0.7428571428571429,0.43333333333333335,0.5473684210526316,0.8191126279863481
1,21,2,0.7962962962962963,0.712707182320442,0.7962962962962963,0.7521865889212828,0.8191126279863481
1,21,3,0.6,0.3829787234042553,0.6,0.4675324675324675,0.8191126279863481
1,21,4,0.44680851063829785,0.7241379310344828,0.44680851063829785,0.5526315789473685,0.8191126279863481
1,22,0,1.0,0.9534883720930233,1.0,0.9761904761904762,0.8003412969283277
1,22,1,0.35,0.75,0.35,0.4772727272727273,0.8003412969283277
1,22,2,0.7345679012345679,0.7083333333333334,0.7345679012345679,0.7212121212121212,0.8003412969283277
1,22,3,0.6,0.34615384615384615,0.6,0.43902439024390244,0.8003412969283277
1,22,4,0.5106382978723404,0.6486486486486487,0.5106382978723404,0.5714285714285714,0.8003412969283277
1,23,0,0.9965156794425087,0.9761092150170648,0.9965156794425087,0.9862068965517241,0.8054607508532423
1,23,1,0.43333333333333335,0.7647058823529411,0.43333333333333335,0.5531914893617021,0.8054607508532423
1,23,2,0.7345679012345679,0.7041420118343196,0.7345679012345679,0.7190332326283988,0.8054607508532423
1,23,3,0.5,0.3488372093023256,0.5,0.410958904109589,0.8054607508532423
1,23,4,0.5531914893617021,0.5531914893617021,0.5531914893617021,0.5531914893617021,0.8054607508532423
1,24,0,0.9930313588850174,0.9726962457337884,0.9930313588850174,0.9827586206896551,0.8088737201365188
1,24,1,0.43333333333333335,0.7027027027027027,0.43333333333333335,0.5360824742268041,0.8088737201365188
1,24,2,0.7530864197530864,0.7218934911242604,0.7530864197530864,0.7371601208459214,0.8088737201365188
1,24,3,0.5666666666666667,0.3469387755102041,0.5666666666666667,0.43037974683544306,0.8088737201365188
1,24,4,0.5106382978723404,0.631578947368421,0.5106382978723404,0.5647058823529412,0.8088737201365188
1,25,0,1.0,0.9534883720930233,1.0,0.9761904761904762,0.8088737201365188
1,25,1,0.35,0.84,0.35,0.49411764705882355,0.8088737201365188
1,25,2,0.7592592592592593,0.7321428571428571,0.7592592592592593,0.7454545454545455,0.8088737201365188
1,25,3,0.6333333333333333,0.35185185185185186,0.6333333333333333,0.4523809523809524,0.8088737201365188
1,25,4,0.5106382978723404,0.631578947368421,0.5106382978723404,0.5647058823529412,0.8088737201365188
1,26,0,1.0,0.959866220735786,1.0,0.9795221843003413,0.8191126279863481
1,26,1,0.4,0.75,0.4,0.5217391304347826,0.8191126279863481
1,26,2,0.7777777777777778,0.7241379310344828,0.7777777777777778,0.75,0.8191126279863481
1,26,3,0.6,0.4,0.6,0.48,0.8191126279863481
1,26,4,0.5319148936170213,0.6944444444444444,0.5319148936170213,0.6024096385542169,0.8191126279863481
1,27,0,0.9965156794425087,0.9727891156462585,0.9965156794425087,0.9845094664371773,0.8088737201365188
1,27,1,0.4166666666666667,0.8064516129032258,0.4166666666666667,0.5494505494505495,0.8088737201365188
1,27,2,0.7407407407407407,0.7142857142857143,0.7407407407407407,0.7272727272727273,0.8088737201365188
1,27,3,0.4666666666666667,0.35,0.4666666666666667,0.4,0.8088737201365188
1,27,4,0.6170212765957447,0.5471698113207547,0.6170212765957447,0.58,0.8088737201365188
1,28,0,1.0,0.959866220735786,1.0,0.9795221843003413,0.8088737201365188
1,28,1,0.4,0.8,0.4,0.5333333333333333,0.8088737201365188
1,28,2,0.7839506172839507,0.7175141242937854,0.7839506172839507,0.7492625368731564,0.8088737201365188
1,28,3,0.6,0.34615384615384615,0.6,0.43902439024390244,0.8088737201365188
1,28,4,0.3829787234042553,0.6428571428571429,0.3829787234042553,0.48,0.8088737201365188
2,1,0,0.7202797202797203,0.7715355805243446,0.7202797202797203,0.7450271247739603,0.49658703071672355
2,1,1,0.2,0.1188118811881188,0.2,0.14906832298136646,0.49658703071672355
2,1,2,0.4074074074074074,0.4647887323943662,0.4074074074074074,0.4342105263157895,0.49658703071672355
2,1,3,0.0967741935483871,0.06818181818181818,0.0967741935483871,0.08,0.49658703071672355
2,1,4,0.0851063829787234,0.125,0.0851063829787234,0.10126582278481013,0.49658703071672355
2,2,0,0.9545454545454546,0.718421052631579,0.9545454545454546,0.8198198198198198,0.5955631399317406
2,2,1,0.15,0.15254237288135594,0.15,0.15126050420168066,0.5955631399317406
2,2,2,0.3271604938271605,0.6309523809523809,0.3271604938271605,0.43089430894308944,0.5955631399317406
2,2,3,0.25806451612903225,0.24242424242424243,0.25806451612903225,0.25,0.5955631399317406
2,2,4,0.1276595744680851,0.2,0.1276595744680851,0.15584415584415584,0.5955631399317406
2,3,0,0.9825174825174825,0.7553763440860215,0.9825174825174825,0.8541033434650456,0.6313993174061433
2,3,1,0.25,0.21428571428571427,0.25,0.23076923076923078,0.6313993174061433
2,3,2,0.30246913580246915,0.6712328767123288,0.30246913580246915,0.41702127659574467,0.6313993174061433
2,3,3,0.4838709677419355,0.3409090909090909,0.4838709677419355,0.4,0.6313993174061433
2,3,4,0.2127659574468085,0.37037037037037035,0.2127659574468085,0.2702702702702703,0.6313993174061433
2,4,0,0.9965034965034965,0.7960893854748603,0.9965034965034965,0.8850931677018633,0.6945392491467577
2,4,1,0.23333333333333334,0.35,0.23333333333333334,0.28,0.6945392491467577
2,4,2,0.47530864197530864,0.6814159292035398,0.47530864197530864,0.56,0.6945392491467577
2,4,3,0.5483870967741935,0.4146341463414634,0.5483870967741935,0.4722222222222222,0.6945392491467577
2,4,4,0.2978723404255319,0.4117647058823529,0.2978723404255319,0.345679012345679,0.6945392491467577
2,5,0,0.9965034965034965,0.8189655172413793,0.9965034965034965,0.8990536277602523,0.7201365187713311
2,5,1,0.25,0.45454545454545453,0.25,0.3225806451612903,0.7201365187713311
2,5,2,0.5370370370370371,0.6796875,0.5370370370370371,0.6,0.7201365187713311
2,5,3,0.7096774193548387,0.4489795918367347,0.7096774193548387,0.55,0.7201365187713311
2,5,4,0.2765957446808511,0.4642857142857143,0.2765957446808511,0.3466666666666667,0.7201365187713311
2,6,0,0.9965034965034965,0.8357771260997068,0.9965034965034965,0.9090909090909091,0.7406143344709898
2,6,1,0.16666666666666666,0.43478260869565216,0.16666666666666666,0.24096385542168675,0.7406143344709898
2,6,2,0.6234567901234568,0.7013888888888888,0.6234567901234568,0.6601307189542484,0.7406143344709898
2,6,3,0.7419354838709677,0.5111111111111111,0.7419354838709677,0.6052631578947368,0.7406143344709898
2,6,4,0.3191489361702128,0.45454545454545453,0.3191489361702128,0.375,0.7406143344709898
2,7,0,0.9965034965034965,0.8558558558558559,0.9965034965034965,0.9208400646203554,0.7576791808873721
2,7,1,0.2,0.4444444444444444,0.2,0.27586206896551724,0.7576791808873721
2,7,2,0.6604938271604939,0.7133333333333334,0.6604938271604939,0.6858974358974359,0.7576791808873721
2,7,3,0.8064516129032258,0.5434782608695652,0.8064516129032258,0.6493506493506493,0.7576791808873721
2,7,4,0.3191489361702128,0.5,0.3191489361702128,0.38961038961038963,0.7576791808873721
2,8,0,0.9965034965034965,0.8689024390243902,0.9965034965034965,0.9283387622149837,0.7508532423208191
2,8,1,0.18333333333333332,0.39285714285714285,0.18333333333333332,0.25,0.7508532423208191
2,8,2,0.6358024691358025,0.7103448275862069,0.6358024691358025,0.6710097719869706,0.7508532423208191
2,8,3,0.8387096774193549,0.5098039215686274,0.8387096774193549,0.6341463414634146,0.7508532423208191
2,8,4,0.3191489361702128,0.4411764705882353,0.3191489361702128,0.37037037037037035,0.7508532423208191
2,9,0,0.993006993006993,0.9131832797427653,0.993006993006993,0.9514237855946399,0.7815699658703071
2,9,1,0.3333333333333333,0.5263157894736842,0.3333333333333333,0.40816326530612246,0.7815699658703071
2,9,2,0.6851851851851852,0.7115384615384616,0.6851851851851852,0.6981132075471698,0.7815699658703071
2,9,3,0.8064516129032258,0.5319148936170213,0.8064516129032258,0.6410256410256411,0.7815699658703071
2,9,4,0.3829787234042553,0.5294117647058824,0.3829787234042553,0.4444444444444444,0.7815699658703071
2,10,0,0.993006993006993,0.8987341772151899,0.993006993006993,0.9435215946843853,0.7559726962457338
2,10,1,0.23333333333333334,0.42424242424242425,0.23333333333333334,0.3010752688172043,0.7559726962457338
2,10,2,0.6481481481481481,0.7,0.6481481481481481,0.6730769230769231,0.7559726962457338
2,10,3,0.8064516129032258,0.5208333333333334,0.8064516129032258,0.6329113924050633,0.7559726962457338
2,10,4,0.3191489361702128,0.38461538461538464,0.3191489361702128,0.3488372093023256,0.7559726962457338
2,11,0,0.993006993006993,0.8930817610062893,0.993006993006993,0.9403973509933775,0.7457337883959044
2,11,1,0.26666666666666666,0.47058823529411764,0.26666666666666666,0.3404255319148936,0.7457337883959044
2,11,2,0.5679012345679012,0.7244094488188977,0.5679012345679012,0.6366782006920415,0.7457337883959044
2,11,3,0.9354838709677419,0.4393939393939394,0.9354838709677419,0.5979381443298969,0.7457337883959044
2,11,4,0.3404255319148936,0.3902439024390244,0.3404255319148936,0.36363636363636365,0.7457337883959044
2,12,0,0.993006993006993,0.9161290322580645,0.993006993006993,0.9530201342281879,0.7337883959044369
2,12,1,0.23333333333333334,0.42424242424242425,0.23333333333333334,0.3010752688172043,0.7337883959044369
2,12,2,0.5246913580246914,0.6967213114754098,0.5246913580246914,0.5985915492957746,0.7337883959044369
2,12,3,0.9354838709677419,0.3918918918918919,0.9354838709677419,0.5523809523809524,0.7337883959044369
2,12,4,0.3829787234042553,0.3829787234042553,0.3829787234042553,0.3829787234042553,0.7337883959044369
2,13,0,0.993006993006993,0.9161290322580645,0.993006993006993,0.9530201342281879,0.7662116040955631
2,13,1,0.3,0.5142857142857142,0.3,0.37894736842105264,0.7662116040955631
2,13,2,0.6419753086419753,0.7222222222222222,0.6419753086419753,0.6797385620915033,0.7662116040955631
2,13,3,0.9032258064516129,0.4307692307692308,0.9032258064516129,0.5833333333333334,0.7662116040955631
2,13,4,0.3191489361702128,0.46875,0.3191489361702128,0.379746835443038,0.7662116040955631
2,14,0,0.993006993006993,0.9161290322580645,0.993006993006993,0.9530201342281879,0.7610921501706485
2,14,1,0.25,0.46875,0.25,0.32608695652173914,0.7610921501706485
2,14,2,0.6604938271604939,0.6948051948051948,0.6604938271604939,0.6772151898734177,0.7610921501706485
2,14,3,0.8064516129032258,0.44642857142857145,0.8064516129032258,0.5747126436781609,0.7610921501706485
2,14,4,0.3191489361702128,0.4411764705882353,0.3191489361702128,0.37037037037037035,0.7610921501706485
2,15,0,0.993006993006993,0.922077922077922,0.993006993006993,0.9562289562289562,0.7662116040955631
2,15,1,0.2833333333333333,0.5,0.2833333333333333,0.3617021276595745,0.7662116040955631
2,15,2,0.6296296296296297,0.723404255319149,0.6296296296296297,0.6732673267326733,0.7662116040955631
2,15,3,0.8387096774193549,0.45614035087719296,0.8387096774193549,0.5909090909090909,0.7662116040955631
2,15,4,0.425531914893617,0.43478260869565216,0.425531914893617,0.43010752688172044,0.7662116040955631
2,16,0,0.993006993006993,0.9281045751633987,0.993006993006993,0.9594594594594594,0.7713310580204779
2,16,1,0.2833333333333333,0.5151515151515151,0.2833333333333333,0.3655913978494624,0.7713310580204779
2,16,2,0.6481481481481481,0.7291666666666666,0.6481481481481481,0.6862745098039216,0.7713310580204779
2,16,3,0.7741935483870968,0.4528301886792453,0.7741935483870968,0.5714285714285714,0.7713310580204779
2,16,4,0.46808510638297873,0.44,0.46808510638297873,0.4536082474226804,0.7713310580204779
3,1,0,0.6794425087108014,0.7303370786516854,0.6794425087108014,0.703971119133574,0.4880546075085324
3,1,1,0.15,0.10588235294117647,0.15,0.12413793103448276,0.4880546075085324
3,1,2,0.4444444444444444,0.46153846153846156,0.4444444444444444,0.4528301886792453,0.4880546075085324
3,1,3,0.16129032258064516,0.1388888888888889,0.16129032258064516,0.14925373134328357,0.4880546075085324
3,1,4,0.10869565217391304,0.11904761904761904,0.10869565217391304,0.11363636363636363,0.4880546075085324
3,2,0,0.9686411149825784,0.7183462532299741,0.9686411149825784,0.8249258160237388,0.6279863481228669
3,2,1,0.18333333333333332,0.28205128205128205,0.18333333333333332,0.2222222222222222,0.6279863481228669
3,2,2,0.36419753086419754,0.6555555555555556,0.36419753086419754,0.46825396825396826,0.6279863481228669
3,2,3,0.2903225806451613,0.25,0.2903225806451613,0.26865671641791045,0.6279863481228669
3,2,4,0.2391304347826087,0.3235294117647059,0.2391304347826087,0.275,0.6279863481228669
3,3,0,0.9790940766550522,0.8028571428571428,0.9790940766550522,0.8822605965463108,0.6706484641638225
3,3,1,0.36666666666666664,0.41509433962264153,0.36666666666666664,0.3893805309734513,0.6706484641638225
3,3,2,0.3765432098765432,0.6931818181818182,0.3765432098765432,0.488,0.6706484641638225
3,3,3,0.3870967741935484,0.2926829268292683,0.3870967741935484,0.3333333333333333,0.6706484641638225
3,3,4,0.3695652173913043,0.3148148148148148,0.3695652173913043,0.34,0.6706484641638225
3,4,0,0.9825783972125436,0.8924050632911392,0.9825783972125436,0.9353233830845771,0.7286689419795221
3,4,1,0.5,0.6,0.5,0.5454545454545454,0.7286689419795221
3,4,2,0.5,0.6923076923076923,0.5,0.5806451612903226,0.7286689419795221
3,4,3,0.41935483870967744,0.2653061224489796,0.41935483870967744,0.325,0.7286689419795221
3,4,4,0.45652173913043476,0.3888888888888889,0.45652173913043476,0.42,0.7286689419795221
3,5,0,0.9895470383275261,0.8738461538461538,0.9895470383275261,0.9281045751633987,0.7457337883959044
3,5,1,0.4666666666666667,0.56,0.4666666666666667,0.509090909090909,0.7457337883959044
3,5,2,0.5740740740740741,0.6838235294117647,0.5740740740740741,0.6241610738255033,0.7457337883959044
3,5,3,0.3870967741935484,0.34285714285714286,0.3870967741935484,0.36363636363636365,0.7457337883959044
3,5,4,0.43478260869565216,0.5,0.43478260869565216,0.46511627906976744,0.7457337883959044
3,6,0,0.9895470383275261,0.8765432098765432,0.9895470383275261,0.9296235679214403,0.7542662116040956
3,6,1,0.4,0.6153846153846154,0.4,0.48484848484848486,0.7542662116040956
3,6,2,0.6296296296296297,0.7083333333333334,0.6296296296296297,0.6666666666666666,0.7542662116040956
3,6,3,0.3548387096774194,0.3548387096774194,0.3548387096774194,0.3548387096774194,0.7542662116040956
3,6,4,0.45652173913043476,0.4375,0.45652173913043476,0.44680851063829785,0.7542662116040956
3,7,0,0.9895470383275261,0.8685015290519877,0.9895470383275261,0.9250814332247557,0.7372013651877133
3,7,1,0.35,0.5833333333333334,0.35,0.4375,0.7372013651877133
3,7,2,0.5987654320987654,0.6928571428571428,0.5987654320987654,0.6423841059602649,0.7372013651877133
3,7,3,0.3548387096774194,0.2619047619047619,0.3548387096774194,0.3013698630136986,0.7372013651877133
3,7,4,0.41304347826086957,0.4634146341463415,0.41304347826086957,0.4367816091954023,0.7372013651877133
3,8,0,0.9895470383275261,0.8987341772151899,0.9895470383275261,0.9419568822553898,0.7491467576791809
3,8,1,0.38333333333333336,0.6764705882352942,0.38333333333333336,0.48936170212765956,0.7491467576791809
3,8,2,0.6049382716049383,0.7,0.6049382716049383,0.6490066225165563,0.7491467576791809
3,8,3,0.41935483870967744,0.3023255813953488,0.41935483870967744,0.35135135135135137,0.7491467576791809
3,8,4,0.45652173913043476,0.39622641509433965,0.45652173913043476,0.42424242424242425,0.7491467576791809
3,9,0,0.9895470383275261,0.9044585987261147,0.9895470383275261,0.9450915141430949,0.764505119453925
3,9,1,0.48333333333333334,0.6444444444444445,0.48333333333333334,0.5523809523809524,0.764505119453925
3,9,2,0.6296296296296297,0.7132867132867133,0.6296296296296297,0.6688524590163935,0.764505119453925
3,9,3,0.41935483870967744,0.3023255813953488,0.41935483870967744,0.35135135135135137,0.764505119453925
3,9,4,0.43478260869565216,0.4878048780487805,0.43478260869565216,0.45977011494252873,0.764505119453925
3,10,0,0.9930313588850174,0.8934169278996865,0.9930313588850174,0.9405940594059405,0.7627986348122867
3,10,1,0.45,0.627906976744186,0.45,0.5242718446601942,0.7627986348122867
3,10,2,0.6049382716049383,0.7313432835820896,0.6049382716049383,0.6621621621621622,0.7627986348122867
3,10,3,0.3870967741935484,0.3333333333333333,0.3870967741935484,0.3582089552238806,0.7627986348122867
3,10,4,0.5434782608695652,0.46296296296296297,0.5434782608695652,0.5,0.7627986348122867
3,11,0,0.9930313588850174,0.8878504672897196,0.9930313588850174,0.9375,0.7508532423208191
3,11,1,0.35,0.6774193548387096,0.35,0.46153846153846156,0.7508532423208191
3,11,2,0.6111111111111112,0.7279411764705882,0.6111111111111112,0.6644295302013423,0.7508532423208191
3,11,3,0.41935483870967744,0.3023255813953488,0.41935483870967744,0.35135135135135137,0.7508532423208191
3,11,4,0.4782608695652174,0.4,0.4782608695652174,0.43564356435643564,0.7508532423208191
3,12,0,0.9860627177700348,0.933993399339934,0.9860627177700348,0.9593220338983051,0.7781569965870307
3,12,1,0.4666666666666667,0.717948717948718,0.4666666666666667,0.5656565656565656,0.7781569965870307
3,12,2,0.6481481481481481,0.7241379310344828,0.6481481481481481,0.6840390879478827,0.7781569965870307
3,12,3,0.41935483870967744,0.30952380952380953,0.41935483870967744,0.3561643835616438,0.7781569965870307
3,12,4,0.5869565217391305,0.47368421052631576,0.5869565217391305,0.5242718446601942,0.7781569965870307
3,13,0,0.9895470383275261,0.9372937293729373,0.9895470383275261,0.9627118644067797,0.78839590443686
3,13,1,0.4,0.7741935483870968,0.4,0.5274725274725275,0.78839590443686
3,13,2,0.7037037037037037,0.7215189873417721,0.7037037037037037,0.7125,0.78839590443686
3,13,3,0.41935483870967744,0.35135135135135137,0.41935483870967744,0.38235294117647056,0.78839590443686
3,13,4,0.5869565217391305,0.47368421052631576,0.5869565217391305,0.5242718446601942,0.78839590443686
3,14,0,0.9930313588850174,0.95,0.9930313588850174,0.9710391822827938,0.8020477815699659
3,14,1,0.5,0.75,0.5,0.6,0.8020477815699659
3,14,2,0.7345679012345679,0.7300613496932515,0.7345679012345679,0.7323076923076923,0.8020477815699659
3,14,3,0.41935483870967744,0.35135135135135137,0.41935483870967744,0.38235294117647056,0.8020477815699659
3,14,4,0.5,0.5,0.5,0.5,0.8020477815699659
3,15,0,0.9930313588850174,0.946843853820598,0.9930313588850174,0.9693877551020408,0.7901023890784983
3,15,1,0.45,0.6923076923076923,0.45,0.5454545454545454,0.7901023890784983
3,15,2,0.6851851851851852,0.7302631578947368,0.6851851851851852,0.7070063694267515,0.7901023890784983
3,15,3,0.41935483870967744,0.38235294117647056,0.41935483870967744,0.4,0.7901023890784983
3,15,4,0.5869565217391305,0.45,0.5869565217391305,0.5094339622641509,0.7901023890784983
3,16,0,0.9930313588850174,0.9283387622149837,0.9930313588850174,0.9595959595959596,0.7969283276450512
3,16,1,0.36666666666666664,0.8148148148148148,0.36666666666666664,0.5057471264367817,0.7969283276450512
3,16,2,0.7716049382716049,0.7183908045977011,0.7716049382716049,0.7440476190476191,0.7969283276450512
3,16,3,0.41935483870967744,0.34210526315789475,0.41935483870967744,0.37681159420289856,0.7969283276450512
3,16,4,0.4782608695652174,0.55,0.4782608695652174,0.5116279069767442,0.7969283276450512
3,17,0,0.9930313588850174,0.9661016949152542,0.9930313588850174,0.979381443298969,0.8037542662116041
3,17,1,0.5166666666666667,0.7380952380952381,0.5166666666666667,0.6078431372549019,0.8037542662116041
3,17,2,0.7222222222222222,0.7177914110429447,0.7222222222222222,0.72,0.8037542662116041
3,17,3,0.41935483870967744,0.3611111111111111,0.41935483870967744,0.3880597014925373,0.8037542662116041
3,17,4,0.5434782608695652,0.5,0.5434782608695652,0.5208333333333334,0.8037542662116041
3,18,0,0.9930313588850174,0.9375,0.9930313588850174,0.9644670050761421,0.7901023890784983
3,18,1,0.38333333333333336,0.7931034482758621,0.38333333333333336,0.5168539325842697,0.7901023890784983
3,18,2,0.7530864197530864,0.7093023255813954,0.7530864197530864,0.7305389221556886,0.7901023890784983
3,18,3,0.41935483870967744,0.3170731707317073,0.41935483870967744,0.3611111111111111,0.7901023890784983
3,18,4,0.43478260869565216,0.5,0.43478260869565216,0.46511627906976744,0.7901023890784983
3,19,0,0.9930313588850174,0.9134615384615384,0.9930313588850174,0.9515859766277128,0.795221843003413
3,19,1,0.45,0.7297297297297297,0.45,0.5567010309278351,0.795221843003413
3,19,2,0.7283950617283951,0.7283950617283951,0.7283950617283951,0.7283950617283951,0.795221843003413
3,19,3,0.41935483870967744,0.38235294117647056,0.41935483870967744,0.4,0.795221843003413
3,19,4,0.5,0.5609756097560976,0.5,0.5287356321839081,0.795221843003413
3,20,0,0.9930313588850174,0.9375,0.9930313588850174,0.9644670050761421,0.7935153583617748
3,20,1,0.36666666666666664,0.6875,0.36666666666666664,0.4782608695652174,0.7935153583617748
3,20,2,0.7530864197530864,0.6931818181818182,0.7530864197530864,0.7218934911242604,0.7935153583617748
3,20,3,0.41935483870967744,0.38235294117647056,0.41935483870967744,0.4,0.7935153583617748
3,20,4,0.5,0.575,0.5,0.5348837209302325,0.7935153583617748
3,21,0,0.9930313588850174,0.9375,0.9930313588850174,0.9644670050761421,0.7935153583617748
3,21,1,0.36666666666666664,0.7586206896551724,0.36666666666666664,0.4943820224719101,0.7935153583617748
3,21,2,0.7345679012345679,0.7041420118343196,0.7345679012345679,0.7190332326283988,0.7935153583617748
3,21,3,0.41935483870967744,0.3939393939393939,0.41935483870967744,0.40625,0.7935153583617748
3,21,4,0.5652173913043478,0.5098039215686274,0.5652173913043478,0.5360824742268041,0.7935153583617748
3,22,0,0.9930313588850174,0.9344262295081968,0.9930313588850174,0.9628378378378378,0.7901023890784983
3,22,1,0.35,0.75,0.35,0.4772727272727273,0.7901023890784983
3,22,2,0.7530864197530864,0.6931818181818182,0.7530864197530864,0.7218934911242604,0.7901023890784983
3,22,3,0.41935483870967744,0.34210526315789475,0.41935483870967744,0.37681159420289856,0.7901023890784983
3,22,4,0.4782608695652174,0.5641025641025641,0.4782608695652174,0.5176470588235295,0.7901023890784983
3,23,0,0.9860627177700348,0.9528619528619529,0.9860627177700348,0.9691780821917808,0.7901023890784983
3,23,1,0.35,0.7777777777777778,0.35,0.4827586206896552,0.7901023890784983
3,23,2,0.7654320987654321,0.6850828729281768,0.7654320987654321,0.7230320699708455,0.7901023890784983
3,23,3,0.41935483870967744,0.325,0.41935483870967744,0.36619718309859156,0.7901023890784983
3,23,4,0.4782608695652174,0.5365853658536586,0.4782608695652174,0.5057471264367817,0.7901023890784983
3,24,0,0.9930313588850174,0.9375,0.9930313588850174,0.9644670050761421,0.7866894197952219
3,24,1,0.3,0.75,0.3,0.42857142857142855,0.7866894197952219
3,24,2,0.7407407407407407,0.6936416184971098,0.7407407407407407,0.7164179104477612,0.7866894197952219
3,24,3,0.45161290322580644,0.358974358974359,0.45161290322580644,0.4,0.7866894197952219
3,24,4,0.5217391304347826,0.5217391304347826,0.5217391304347826,0.5217391304347826,0.7866894197952219
4,1,0,0.7003484320557491,0.7003484320557491,0.7003484320557491,0.7003484320557491,0.4863481228668942
4,1,1,0.26666666666666666,0.15841584158415842,0.26666666666666666,0.19875776397515527,0.4863481228668942
4,1,2,0.38509316770186336,0.45255474452554745,0.38509316770186336,0.4161073825503356,0.4863481228668942
4,1,3,0.12903225806451613,0.11428571428571428,0.12903225806451613,0.12121212121212122,0.4863481228668942
4,1,4,0.0425531914893617,0.07692307692307693,0.0425531914893617,0.0547945205479452,0.4863481228668942
4,2,0,0.9860627177700348,0.7092731829573935,0.9860627177700348,0.8250728862973761,0.6143344709897611
4,2,1,0.3333333333333333,0.37037037037037035,0.3333333333333333,0.3508771929824561,0.6143344709897611
4,2,2,0.2422360248447205,0.5492957746478874,0.2422360248447205,0.33620689655172414,0.6143344709897611
4,2,3,0.3870967741935484,0.27906976744186046,0.3870967741935484,0.32432432432432434,0.6143344709897611
4,2,4,0.1276595744680851,0.3157894736842105,0.1276595744680851,0.18181818181818182,0.6143344709897611
4,3,0,0.9930313588850174,0.76,0.9930313588850174,0.8610271903323263,0.6621160409556314
4,3,1,0.35,0.6,0.35,0.4421052631578947,0.6621160409556314
4,3,2,0.3416149068322981,0.6395348837209303,0.3416149068322981,0.44534412955465585,0.6621160409556314
4,3,3,0.5806451612903226,0.27692307692307694,0.5806451612903226,0.375,0.6621160409556314
4,3,4,0.19148936170212766,0.36,0.19148936170212766,0.25,0.6621160409556314
4,4,0,0.9895470383275261,0.8402366863905325,0.9895470383275261,0.9088,0.6962457337883959
4,4,1,0.4666666666666667,0.56,0.4666666666666667,0.509090909090909,0.6962457337883959
4,4,2,0.39751552795031053,0.7032967032967034,0.39751552795031053,0.5079365079365079,0.6962457337883959
4,4,3,0.7419354838709677,0.25842696629213485,0.7419354838709677,0.38333333333333336,0.6962457337883959
4,4,4,0.19148936170212766,0.5,0.19148936170212766,0.27692307692307694,0.6962457337883959
4,5,0,0.9930313588850174,0.8284883720930233,0.9930313588850174,0.9033280507131537,0.71160409556314
4,5,1,0.4,0.6153846153846154,0.4,0.48484848484848486,0.71160409556314
4,5,2,0.4782608695652174,0.7,0.4782608695652174,0.5682656826568265,0.71160409556314
4,5,3,0.7419354838709677,0.2911392405063291,0.7419354838709677,0.41818181818181815,0.71160409556314
4,5,4,0.1702127659574468,0.5714285714285714,0.1702127659574468,0.26229508196721313,0.71160409556314
4,6,0,0.9965156794425087,0.8562874251497006,0.9965156794425087,0.9210950080515298,0.7389078498293515
4,6,1,0.35,0.65625,0.35,0.45652173913043476,0.7389078498293515
4,6,2,0.5590062111801242,0.7563025210084033,0.5590062111801242,0.6428571428571429,0.7389078498293515
4,6,3,0.8387096774193549,0.3170731707317073,0.8387096774193549,0.46017699115044247,0.7389078498293515
4,6,4,0.2127659574468085,0.5263157894736842,0.2127659574468085,0.30303030303030304,0.7389078498293515
4,7,0,0.9965156794425087,0.8719512195121951,0.9965156794425087,0.9300813008130081,0.7303754266211604
4,7,1,0.35,0.7241379310344828,0.35,0.47191011235955055,0.7303754266211604
4,7,2,0.515527950310559,0.7280701754385965,0.515527950310559,0.6036363636363636,0.7303754266211604
4,7,3,0.9032258064516129,0.28865979381443296,0.9032258064516129,0.4375,0.7303754266211604
4,7,4,0.2127659574468085,0.5555555555555556,0.2127659574468085,0.3076923076923077,0.7303754266211604
4,8,0,0.9930313588850174,0.8934169278996865,0.9930313588850174,0.9405940594059405,0.7372013651877133
4,8,1,0.4166666666666667,0.5434782608695652,0.4166666666666667,0.4716981132075472,0.7372013651877133
4,8,2,0.4968944099378882,0.7692307692307693,0.4968944099378882,0.6037735849056604,0.7372013651877133
4,8,3,0.8387096774193549,0.3058823529411765,0.8387096774193549,0.4482758620689655,0.7372013651877133
4,8,4,0.3404255319148936,0.5,0.3404255319148936,0.4050632911392405,0.7372013651877133
4,9,0,0.9930313588850174,0.9076433121019108,0.9930313588850174,0.9484193011647255,0.7372013651877133
4,9,1,0.38333333333333336,0.5609756097560976,0.38333333333333336,0.45544554455445546,0.7372013651877133
4,9,2,0.5031055900621118,0.7641509433962265,0.5031055900621118,0.6067415730337079,0.7372013651877133
4,9,3,0.8387096774193549,0.2988505747126437,0.8387096774193549,0.4406779661016949,0.7372013651877133
4,9,4,0.3617021276595745,0.4473684210526316,0.3617021276595745,0.4,0.7372013651877133
4,10,0,0.9895470383275261,0.9311475409836065,0.9895470383275261,0.9594594594594594,0.7764505119453925
4,10,1,0.43333333333333335,0.5531914893617021,0.43333333333333335,0.48598130841121495,0.7764505119453925
4,10,2,0.639751552795031,0.7686567164179104,0.639751552795031,0.6983050847457627,0.7764505119453925
4,10,3,0.8387096774193549,0.3561643835616438,0.8387096774193549,0.5,0.7764505119453925
4,10,4,0.3404255319148936,0.5925925925925926,0.3404255319148936,0.43243243243243246,0.7764505119453925
4,11,0,0.9930313588850174,0.9253246753246753,0.9930313588850174,0.957983193277311,0.7662116040955631
4,11,1,0.4,0.5714285714285714,0.4,0.47058823529411764,0.7662116040955631
4,11,2,0.6024844720496895,0.7637795275590551,0.6024844720496895,0.6736111111111112,0.7662116040955631
4,11,3,0.8387096774193549,0.3291139240506329,0.8387096774193549,0.4727272727272727,0.7662116040955631
4,11,4,0.3617021276595745,0.5666666666666667,0.3617021276595745,0.44155844155844154,0.7662116040955631
4,12,0,0.9930313588850174,0.9134615384615384,0.9930313588850174,0.9515859766277128,0.779863481228669
4,12,1,0.4,0.5714285714285714,0.4,0.47058823529411764,0.779863481228669
4,12,2,0.6459627329192547,0.7703703703703704,0.6459627329192547,0.7027027027027027,0.779863481228669
4,12,3,0.8709677419354839,0.39705882352941174,0.8709677419354839,0.5454545454545454,0.779863481228669
4,12,4,0.3617021276595745,0.5862068965517241,0.3617021276595745,0.4473684210526316,0.779863481228669
4,13,0,0.9930313588850174,0.9253246753246753,0.9930313588850174,0.957983193277311,0.773037542662116
4,13,1,0.4166666666666667,0.5434782608695652,0.4166666666666667,0.4716981132075472,0.773037542662116
4,13,2,0.6273291925465838,0.7651515151515151,0.6273291925465838,0.689419795221843,0.773037542662116
4,13,3,0.8387096774193549,0.3611111111111111,0.8387096774193549,0.5048543689320388,0.773037542662116
4,13,4,0.3404255319148936,0.5714285714285714,0.3404255319148936,0.4266666666666667,0.773037542662116
4,14,0,0.9930313588850174,0.9437086092715232,0.9930313588850174,0.967741935483871,0.7525597269624573
4,14,1,0.38333333333333336,0.6052631578947368,0.38333333333333336,0.46938775510204084,0.7525597269624573
4,14,2,0.5403726708074534,0.7310924369747899,0.5403726708074534,0.6214285714285714,0.7525597269624573
4,14,3,0.8709677419354839,0.30337078651685395,0.8709677419354839,0.45,0.7525597269624573
4,14,4,0.40425531914893614,0.5,0.40425531914893614,0.4470588235294118,0.7525597269624573
4,15,0,0.9930313588850174,0.95,0.9930313588850174,0.9710391822827938,0.7866894197952219
4,15,1,0.5166666666666667,0.62,0.5166666666666667,0.5636363636363636,0.7866894197952219
4,15,2,0.6273291925465838,0.7651515151515151,0.6273291925465838,0.689419795221843,0.7866894197952219
4,15,3,0.8064516129032258,0.35714285714285715,0.8064516129032258,0.49504950495049505,0.7866894197952219
4,15,4,0.40425531914893614,0.5588235294117647,0.40425531914893614,0.4691358024691358,0.7866894197952219
4,16,0,0.9930313588850174,0.9375,0.9930313588850174,0.9644670050761421,0.7849829351535836
4,16,1,0.4166666666666667,0.6097560975609756,0.4166666666666667,0.49504950495049505,0.7849829351535836
4,16,2,0.6832298136645962,0.738255033557047,0.6832298136645962,0.7096774193548387,0.7849829351535836
4,16,3,0.7741935483870968,0.39344262295081966,0.7741935483870968,0.5217391304347826,0.7849829351535836
4,16,4,0.3404255319148936,0.5161290322580645,0.3404255319148936,0.41025641025641024,0.7849829351535836
4,17,0,0.9930313588850174,0.9405940594059405,0.9930313588850174,0.9661016949152542,0.7781569965870307
4,17,1,0.36666666666666664,0.5789473684210527,0.36666666666666664,0.4489795918367347,0.7781569965870307
4,17,2,0.6645962732919255,0.7278911564625851,0.6645962732919255,0.6948051948051948,0.7781569965870307
4,17,3,0.8064516129032258,0.36764705882352944,0.8064516129032258,0.5050505050505051,0.7781569965870307
4,17,4,0.3617021276595745,0.5666666666666667,0.3617021276595745,0.44155844155844154,0.7781569965870307
4,18,0,0.9965156794425087,0.9377049180327869,0.9965156794425087,0.9662162162162162,0.7815699658703071
4,18,1,0.4166666666666667,0.6410256410256411,0.4166666666666667,0.5050505050505051,0.7815699658703071
4,18,2,0.6583850931677019,0.7464788732394366,0.6583850931677019,0.6996699669966997,0.7815699658703071
4,18,3,0.8064516129032258,0.3424657534246575,0.8064516129032258,0.4807692307692308,0.7815699658703071
4,18,4,0.3404255319148936,0.5925925925925926,0.3404255319148936,0.43243243243243246,0.7815699658703071
4,19,0,0.9965156794425087,0.9501661129568106,0.9965156794425087,0.9727891156462585,0.7935153583617748
4,19,1,0.5,0.6382978723404256,0.5,0.5607476635514018,0.7935153583617748
4,19,2,0.6645962732919255,0.7535211267605634,0.6645962732919255,0.7062706270627063,0.7935153583617748
4,19,3,0.8387096774193549,0.38235294117647056,0.8387096774193549,0.5252525252525253,0.7935153583617748
4,19,4,0.3404255319148936,0.5714285714285714,0.3404255319148936,0.4266666666666667,0.7935153583617748
4,20,0,0.9930313588850174,0.946843853820598,0.9930313588850174,0.9693877551020408,0.8020477815699659
4,20,1,0.43333333333333335,0.6842105263157895,0.43333333333333335,0.5306122448979592,0.8020477815699659
4,20,2,0.7391304347826086,0.7391304347826086,0.7391304347826086,0.7391304347826086,0.8020477815699659
4,20,3,0.8064516129032258,0.43103448275862066,0.8064516129032258,0.5617977528089888,0.8020477815699659
4,20,4,0.3191489361702128,0.5357142857142857,0.3191489361702128,0.4,0.8020477815699659
4,21,0,0.9965156794425087,0.9438943894389439,0.9965156794425087,0.9694915254237289,0.7918088737201365
4,21,1,0.4166666666666667,0.6944444444444444,0.4166666666666667,0.5208333333333334,0.7918088737201365
4,21,2,0.6832298136645962,0.7482993197278912,0.6832298136645962,0.7142857142857143,0.7918088737201365
4,21,3,0.8387096774193549,0.3939393939393939,0.8387096774193549,0.5360824742268041,0.7918088737201365
4,21,4,0.3617021276595745,0.5,0.3617021276595745,0.41975308641975306,0.7918088737201365
4,22,0,0.9930313588850174,0.9437086092715232,0.9930313588850174,0.967741935483871,0.7901023890784983
4,22,1,0.38333333333333336,0.6571428571428571,0.38333333333333336,0.4842105263157895,0.7901023890784983
4,22,2,0.6956521739130435,0.7368421052631579,0.6956521739130435,0.7156549520766773,0.7901023890784983
4,22,3,0.8387096774193549,0.3880597014925373,0.8387096774193549,0.5306122448979592,0.7901023890784983
4,22,4,0.3617021276595745,0.5666666666666667,0.3617021276595745,0.44155844155844154,0.7901023890784983
4,23,0,0.9965156794425087,0.9438943894389439,0.9965156794425087,0.9694915254237289,0.78839590443686
4,23,1,0.36666666666666664,0.6666666666666666,0.36666666666666664,0.4731182795698925,0.78839590443686
4,23,2,0.7018633540372671,0.7290322580645161,0.7018633540372671,0.7151898734177216,0.78839590443686
4,23,3,0.8387096774193549,0.38235294117647056,0.8387096774193549,0.5252525252525253,0.78839590443686
4,23,4,0.3191489361702128,0.5555555555555556,0.3191489361702128,0.40540540540540543,0.78839590443686
4,24,0,0.9965156794425087,0.9438943894389439,0.9965156794425087,0.9694915254237289,0.7901023890784983
4,24,1,0.4166666666666667,0.6944444444444444,0.4166666666666667,0.5208333333333334,0.7901023890784983
4,24,2,0.6832298136645962,0.738255033557047,0.6832298136645962,0.7096774193548387,0.7901023890784983
4,24,3,0.8387096774193549,0.37681159420289856,0.8387096774193549,0.52,0.7901023890784983
4,24,4,0.3404255319148936,0.5517241379310345,0.3404255319148936,0.42105263157894735,0.7901023890784983
4,25,0,0.9965156794425087,0.934640522875817,0.9965156794425087,0.9645868465430016,0.7918088737201365
4,25,1,0.45,0.627906976744186,0.45,0.5242718446601942,0.7918088737201365
4,25,2,0.6832298136645962,0.738255033557047,0.6832298136645962,0.7096774193548387,0.7918088737201365
4,25,3,0.7419354838709677,0.42592592592592593,0.7419354838709677,0.5411764705882353,0.7918088737201365
4,25,4,0.3829787234042553,0.5294117647058824,0.3829787234042553,0.4444444444444444,0.7918088737201365
4,26,0,0.9930313588850174,0.946843853820598,0.9930313588850174,0.9693877551020408,0.7969283276450512
4,26,1,0.45,0.6585365853658537,0.45,0.5346534653465347,0.7969283276450512
4,26,2,0.7142857142857143,0.732484076433121,0.7142857142857143,0.7232704402515723,0.7969283276450512
4,26,3,0.7096774193548387,0.41509433962264153,0.7096774193548387,0.5238095238095238,0.7969283276450512
4,26,4,0.3829787234042553,0.5294117647058824,0.3829787234042553,0.4444444444444444,0.7969283276450512
4,27,0,0.9965156794425087,0.9377049180327869,0.9965156794425087,0.9662162162162162,0.8037542662116041
4,27,1,0.45,0.6923076923076923,0.45,0.5454545454545454,0.8037542662116041
4,27,2,0.7329192546583851,0.7421383647798742,0.7329192546583851,0.7375,0.8037542662116041
4,27,3,0.8064516129032258,0.43859649122807015,0.8064516129032258,0.5681818181818182,0.8037542662116041
4,27,4,0.3191489361702128,0.5769230769230769,0.3191489361702128,0.410958904109589,0.8037542662116041
4,28,0,0.9895470383275261,0.9530201342281879,0.9895470383275261,0.9709401709401709,0.8037542662116041
4,28,1,0.43333333333333335,0.65,0.43333333333333335,0.52,0.8037542662116041
4,28,2,0.7577639751552795,0.7261904761904762,0.7577639751552795,0.7416413373860182,0.8037542662116041
4,28,3,0.7741935483870968,0.4444444444444444,0.7741935483870968,0.5647058823529412,0.8037542662116041
4,28,4,0.3191489361702128,0.5769230769230769,0.3191489361702128,0.410958904109589,0.8037542662116041
4,29,0,0.9965156794425087,0.9285714285714286,0.9965156794425087,0.9613445378151261,0.779863481228669
4,29,1,0.36666666666666664,0.6666666666666666,0.36666666666666664,0.4731182795698925,0.779863481228669
4,29,2,0.6832298136645962,0.7284768211920529,0.6832298136645962,0.7051282051282052,0.779863481228669
4,29,3,0.7741935483870968,0.375,0.7741935483870968,0.5052631578947369,0.779863481228669
4,29,4,0.3191489361702128,0.5,0.3191489361702128,0.38961038961038963,0.779863481228669
4,30,0,0.9965156794425087,0.934640522875817,0.9965156794425087,0.9645868465430016,0.7849829351535836
4,30,1,0.4,0.6486486486486487,0.4,0.4948453608247423,0.7849829351535836
4,30,2,0.6956521739130435,0.7272727272727273,0.6956521739130435,0.7111111111111111,0.7849829351535836
4,30,3,0.7096774193548387,0.39285714285714285,0.7096774193548387,0.5057471264367817,0.7849829351535836
4,30,4,0.3404255319148936,0.48484848484848486,0.3404255319148936,0.4,0.7849829351535836
4,31,0,0.9965156794425087,0.9470198675496688,0.9965156794425087,0.9711375212224108,0.7935153583617748
4,31,1,0.36666666666666664,0.7586206896551724,0.36666666666666664,0.4943820224719101,0.7935153583617748
4,31,2,0.7204968944099379,0.7160493827160493,0.7204968944099379,0.718266253869969,0.7935153583617748
4,31,3,0.8064516129032258,0.4166666666666667,0.8064516129032258,0.5494505494505495,0.7935153583617748
4,31,4,0.3404255319148936,0.48484848484848486,0.3404255319148936,0.4,0.7935153583617748
4,32,0,0.9930313588850174,0.9405940594059405,0.9930313588850174,0.9661016949152542,0.795221843003413
4,32,1,0.48333333333333334,0.6444444444444445,0.48333333333333334,0.5523809523809524,0.795221843003413
4,32,2,0.7142857142857143,0.7371794871794872,0.7142857142857143,0.7255520504731862,0.795221843003413
4,32,3,0.7096774193548387,0.4230769230769231,0.7096774193548387,0.5301204819277109,0.795221843003413
4,32,4,0.3191489361702128,0.5,0.3191489361702128,0.38961038961038963,0.795221843003413
4,33,0,0.9930313588850174,0.9628378378378378,0.9930313588850174,0.9777015437392796,0.78839590443686
4,33,1,0.35,0.65625,0.35,0.45652173913043476,0.78839590443686
4,33,2,0.7267080745341615,0.6964285714285714,0.7267080745341615,0.7112462006079028,0.78839590443686
4,33,3,0.7096774193548387,0.4074074074074074,0.7096774193548387,0.5176470588235295,0.78839590443686
4,33,4,0.3617021276595745,0.4722222222222222,0.3617021276595745,0.40963855421686746,0.78839590443686
4,34,0,0.9965156794425087,0.9407894736842105,0.9965156794425087,0.9678510998307953,0.7918088737201365
4,34,1,0.43333333333333335,0.7027027027027027,0.43333333333333335,0.5360824742268041,0.7918088737201365
4,34,2,0.6956521739130435,0.7320261437908496,0.6956521739130435,0.7133757961783439,0.7918088737201365
4,34,3,0.7741935483870968,0.41379310344827586,0.7741935483870968,0.5393258426966292,0.7918088737201365
4,34,4,0.3404255319148936,0.47058823529411764,0.3404255319148936,0.3950617283950617,0.7918088737201365
5,1,0,0.6585365853658537,0.7026022304832714,0.6585365853658537,0.6798561151079137,0.4880546075085324
5,1,1,0.3333333333333333,0.20202020202020202,0.3333333333333333,0.25157232704402516,0.4880546075085324
5,1,2,0.43478260869565216,0.4666666666666667,0.43478260869565216,0.45016077170418006,0.4880546075085324
5,1,3,0.06451612903225806,0.05714285714285714,0.06451612903225806,0.06060606060606061,0.4880546075085324
5,1,4,0.10638297872340426,0.15151515151515152,0.10638297872340426,0.125,0.4880546075085324
5,2,0,0.9616724738675958,0.7282321899736148,0.9616724738675958,0.8288288288288288,0.6262798634812287
5,2,1,0.26666666666666666,0.37209302325581395,0.26666666666666666,0.3106796116504854,0.6262798634812287
5,2,2,0.3416149068322981,0.6111111111111112,0.3416149068322981,0.43824701195219123,0.6262798634812287
5,2,3,0.3225806451612903,0.2631578947368421,0.3225806451612903,0.2898550724637681,0.6262798634812287
5,2,4,0.2127659574468085,0.2777777777777778,0.2127659574468085,0.24096385542168675,0.6262798634812287
5,3,0,0.9860627177700348,0.7839335180055401,0.9860627177700348,0.8734567901234568,0.6774744027303754
5,3,1,0.3,0.42857142857142855,0.3,0.35294117647058826,0.6774744027303754
5,3,2,0.40372670807453415,0.6565656565656566,0.40372670807453415,0.5,0.6774744027303754
5,3,3,0.45161290322580644,0.32558139534883723,0.45161290322580644,0.3783783783783784,0.6774744027303754
5,3,4,0.3617021276595745,0.4146341463414634,0.3617021276595745,0.38636363636363635,0.6774744027303754
5,4,0,0.975609756097561,0.8615384615384616,0.975609756097561,0.9150326797385621,0.726962457337884
5,4,1,0.5,0.43478260869565216,0.5,0.46511627906976744,0.726962457337884
5,4,2,0.5217391304347826,0.7567567567567568,0.5217391304347826,0.6176470588235294,0.726962457337884
5,4,3,0.41935483870967744,0.3611111111111111,0.41935483870967744,0.3880597014925373,0.726962457337884
5,4,4,0.40425531914893614,0.4222222222222222,0.40425531914893614,0.41304347826086957,0.726962457337884
5,5,0,0.975609756097561,0.8860759493670886,0.975609756097561,0.9286898839137645,0.7440273037542662
5,5,1,0.38333333333333336,0.5227272727272727,0.38333333333333336,0.4423076923076923,0.7440273037542662
5,5,2,0.6024844720496895,0.7185185185185186,0.6024844720496895,0.6554054054054054,0.7440273037542662
5,5,3,0.4838709677419355,0.3125,0.4838709677419355,0.379746835443038,0.7440273037542662
5,5,4,0.44680851063829785,0.4883720930232558,0.44680851063829785,0.4666666666666667,0.7440273037542662
5,6,0,0.9895470383275261,0.8304093567251462,0.9895470383275261,0.9030206677265501,0.7252559726962458
5,6,1,0.35,0.5121951219512195,0.35,0.4158415841584158,0.7252559726962458
5,6,2,0.4906832298136646,0.7745098039215687,0.4906832298136646,0.6007604562737643,0.7252559726962458
5,6,3,0.4838709677419355,0.3,0.4838709677419355,0.37037037037037035,0.7252559726962458
5,6,4,0.5531914893617021,0.5098039215686274,0.5531914893617021,0.5306122448979592,0.7252559726962458
5,7,0,0.9860627177700348,0.884375,0.9860627177700348,0.9324546952224053,0.7406143344709898
5,7,1,0.36666666666666664,0.55,0.36666666666666664,0.44,0.7406143344709898
5,7,2,0.5217391304347826,0.7850467289719626,0.5217391304347826,0.6268656716417911,0.7406143344709898
5,7,3,0.5806451612903226,0.32142857142857145,0.5806451612903226,0.41379310344827586,0.7406143344709898
5,7,4,0.574468085106383,0.42857142857142855,0.574468085106383,0.4909090909090909,0.7406143344709898
5,8,0,0.9930313588850174,0.8507462686567164,0.9930313588850174,0.9163987138263665,0.7474402730375427
5,8,1,0.35,0.45652173913043476,0.35,0.39622641509433965,0.7474402730375427
5,8,2,0.5527950310559007,0.7807017543859649,0.5527950310559007,0.6472727272727272,0.7474402730375427
5,8,3,0.5806451612903226,0.34615384615384615,0.5806451612903226,0.43373493975903615,0.7474402730375427
5,8,4,0.5319148936170213,0.6410256410256411,0.5319148936170213,0.5813953488372093,0.7474402730375427
5,9,0,0.9825783972125436,0.8867924528301887,0.9825783972125436,0.9322314049586777,0.7593856655290102
5,9,1,0.35,0.525,0.35,0.42,0.7593856655290102
5,9,2,0.5714285714285714,0.8070175438596491,0.5714285714285714,0.6690909090909091,0.7593856655290102
5,9,3,0.6774193548387096,0.3230769230769231,0.6774193548387096,0.4375,0.7593856655290102
5,9,4,0.6170212765957447,0.5918367346938775,0.6170212765957447,0.6041666666666666,0.7593856655290102
5,10,0,0.9930313588850174,0.8878504672897196,0.9930313588850174,0.9375,0.7679180887372014
5,10,1,0.2833333333333333,0.6071428571428571,0.2833333333333333,0.38636363636363635,0.7679180887372014
5,10,2,0.6273291925465838,0.8015873015873016,0.6273291925465838,0.7038327526132404,0.7679180887372014
5,10,3,0.6451612903225806,0.29850746268656714,0.6451612903225806,0.40816326530612246,0.7679180887372014
5,10,4,0.574468085106383,0.6136363636363636,0.574468085106383,0.5934065934065934,0.7679180887372014
5,11,0,0.9895470383275261,0.9073482428115016,0.9895470383275261,0.9466666666666667,0.7474402730375427
5,11,1,0.2833333333333333,0.53125,0.2833333333333333,0.3695652173913043,0.7474402730375427
5,11,2,0.5652173913043478,0.8053097345132744,0.5652173913043478,0.6642335766423357,0.7474402730375427
5,11,3,0.6774193548387096,0.28378378378378377,0.6774193548387096,0.4,0.7474402730375427
5,11,4,0.5319148936170213,0.46296296296296297,0.5319148936170213,0.49504950495049505,0.7474402730375427
5,12,0,0.9895470383275261,0.919093851132686,0.9895470383275261,0.9530201342281879,0.7696245733788396
5,12,1,0.35,0.5,0.35,0.4117647058823529,0.7696245733788396
5,12,2,0.6086956521739131,0.8032786885245902,0.6086956521739131,0.6925795053003534,0.7696245733788396
5,12,3,0.6129032258064516,0.3275862068965517,0.6129032258064516,0.42696629213483145,0.7696245733788396
5,12,4,0.6170212765957447,0.5272727272727272,0.6170212765957447,0.5686274509803921,0.7696245733788396
5,13,0,0.9895470383275261,0.9161290322580645,0.9895470383275261,0.9514237855946399,0.7542662116040956
5,13,1,0.2833333333333333,0.5151515151515151,0.2833333333333333,0.3655913978494624,0.7542662116040956
5,13,2,0.5838509316770186,0.7966101694915254,0.5838509316770186,0.6738351254480287,0.7542662116040956
5,13,3,0.6129032258064516,0.2753623188405797,0.6129032258064516,0.38,0.7542662116040956
5,13,4,0.5957446808510638,0.5,0.5957446808510638,0.5436893203883495,0.7542662116040956
5,14,0,0.9860627177700348,0.933993399339934,0.9860627177700348,0.9593220338983051,0.7679180887372014
5,14,1,0.35,0.4883720930232558,0.35,0.4077669902912621,0.7679180887372014
5,14,2,0.6024844720496895,0.7698412698412699,0.6024844720496895,0.6759581881533101,0.7679180887372014
5,14,3,0.6451612903225806,0.32786885245901637,0.6451612903225806,0.43478260869565216,0.7679180887372014
5,14,4,0.6170212765957447,0.5471698113207547,0.6170212765957447,0.58,0.7679180887372014
5,15,0,0.9860627177700348,0.930921052631579,0.9860627177700348,0.9576988155668359,0.7627986348122867
5,15,1,0.3333333333333333,0.5555555555555556,0.3333333333333333,0.4166666666666667,0.7627986348122867
5,15,2,0.577639751552795,0.808695652173913,0.577639751552795,0.6739130434782609,0.7627986348122867
5,15,3,0.6774193548387096,0.27631578947368424,0.6774193548387096,0.3925233644859813,0.7627986348122867
5,15,4,0.6382978723404256,0.5454545454545454,0.6382978723404256,0.5882352941176471,0.7627986348122867
5,16,0,0.9860627177700348,0.9370860927152318,0.9860627177700348,0.9609507640067911,0.7781569965870307
5,16,1,0.3,0.6,0.3,0.4,0.7781569965870307
5,16,2,0.6645962732919255,0.7985074626865671,0.6645962732919255,0.7254237288135593,0.7781569965870307
5,16,3,0.6774193548387096,0.29577464788732394,0.6774193548387096,0.4117647058823529,0.7781569965870307
5,16,4,0.574468085106383,0.5510204081632653,0.574468085106383,0.5625,0.7781569965870307
5,17,0,0.9930313588850174,0.9047619047619048,0.9930313588850174,0.946843853820598,0.764505119453925
5,17,1,0.3333333333333333,0.5405405405405406,0.3333333333333333,0.41237113402061853,0.764505119453925
5,17,2,0.5900621118012422,0.811965811965812,0.5900621118012422,0.6834532374100719,0.764505119453925
5,17,3,0.6129032258064516,0.2878787878787879,0.6129032258064516,0.3917525773195876,0.764505119453925
5,17,4,0.6170212765957447,0.5686274509803921,0.6170212765957447,0.5918367346938775,0.764505119453925
5,18,0,0.9895470383275261,0.9372937293729373,0.9895470383275261,0.9627118644067797,0.7781569965870307
5,18,1,0.4,0.5454545454545454,0.4,0.46153846153846156,0.7781569965870307
5,18,2,0.6273291925465838,0.808,0.6273291925465838,0.7062937062937062,0.7781569965870307
5,18,3,0.5806451612903226,0.3157894736842105,0.5806451612903226,0.4090909090909091,0.7781569965870307
5,18,4,0.6170212765957447,0.5087719298245614,0.6170212765957447,0.5576923076923077,0.7781569965870307
5,19,0,0.9930313588850174,0.9283387622149837,0.9930313588850174,0.9595959595959596,0.7781569965870307
5,19,1,0.31666666666666665,0.6333333333333333,0.31666666666666665,0.4222222222222222,0.7781569965870307
5,19,2,0.639751552795031,0.7923076923076923,0.639751552795031,0.7079037800687286,0.7781569965870307
5,19,3,0.6451612903225806,0.31746031746031744,0.6451612903225806,0.425531914893617,0.7781569965870307
5,19,4,0.6170212765957447,0.5178571428571429,0.6170212765957447,0.5631067961165048,0.7781569965870307
5,20,0,0.9930313588850174,0.9223300970873787,0.9930313588850174,0.9563758389261745,0.7832764505119454
5,20,1,0.31666666666666665,0.6129032258064516,0.31666666666666665,0.4175824175824176,0.7832764505119454
5,20,2,0.6583850931677019,0.8217054263565892,0.6583850931677019,0.7310344827586207,0.7832764505119454
5,20,3,0.5806451612903226,0.3157894736842105,0.5806451612903226,0.4090909090909091,0.7832764505119454
5,20,4,0.6595744680851063,0.5166666666666667,0.6595744680851063,0.5794392523364486,0.7832764505119454
5,21,0,0.9860627177700348,0.9370860927152318,0.9860627177700348,0.9609507640067911,0.7901023890784983
5,21,1,0.3333333333333333,0.6451612903225806,0.3333333333333333,0.43956043956043955,0.7901023890784983
5,21,2,0.6956521739130435,0.7943262411347518,0.6956521739130435,0.7417218543046358,0.7901023890784983
5,21,3,0.6129032258064516,0.31666666666666665,0.6129032258064516,0.4175824175824176,0.7901023890784983
5,21,4,0.6170212765957447,0.5576923076923077,0.6170212765957447,0.5858585858585859,0.7901023890784983
5,22,0,0.9860627177700348,0.9464882943143813,0.9860627177700348,0.9658703071672355,0.7901023890784983
5,22,1,0.38333333333333336,0.6764705882352942,0.38333333333333336,0.48936170212765956,0.7901023890784983
5,22,2,0.6521739130434783,0.84,0.6521739130434783,0.7342657342657343,0.7901023890784983
5,22,3,0.6774193548387096,0.31343283582089554,0.6774193548387096,0.42857142857142855,0.7901023890784983
5,22,4,0.6595744680851063,0.5081967213114754,0.6595744680851063,0.5740740740740741,0.7901023890784983
5,23,0,0.9860627177700348,0.9433333333333334,0.9860627177700348,0.9642248722316865,0.7849829351535836
5,23,1,0.3,0.6428571428571429,0.3,0.4090909090909091,0.7849829351535836
5,23,2,0.6770186335403726,0.8074074074074075,0.6770186335403726,0.7364864864864865,0.7849829351535836
5,23,3,0.6774193548387096,0.3230769230769231,0.6774193548387096,0.4375,0.7849829351535836
5,23,4,0.6170212765957447,0.5,0.6170212765957447,0.5523809523809524,0.7849829351535836
5,24,0,0.9930313588850174,0.9253246753246753,0.9930313588850174,0.957983193277311,0.7866894197952219
5,24,1,0.3333333333333333,0.6060606060606061,0.3333333333333333,0.43010752688172044,0.7866894197952219
5,24,2,0.6832298136645962,0.7913669064748201,0.6832298136645962,0.7333333333333333,0.7866894197952219
5,24,3,0.6129032258064516,0.3333333333333333,0.6129032258064516,0.4318181818181818,0.7866894197952219
5,24,4,0.574468085106383,0.5510204081632653,0.574468085106383,0.5625,0.7866894197952219
5,25,0,0.9930313588850174,0.9405940594059405,0.9930313588850174,0.9661016949152542,0.8003412969283277
5,25,1,0.31666666666666665,0.6785714285714286,0.31666666666666665,0.4318181818181818,0.8003412969283277
5,25,2,0.7329192546583851,0.7763157894736842,0.7329192546583851,0.7539936102236422,0.8003412969283277
5,25,3,0.6451612903225806,0.35714285714285715,0.6451612903225806,0.45977011494252873,0.8003412969283277
5,25,4,0.574468085106383,0.574468085106383,0.574468085106383,0.574468085106383,0.8003412969283277
5,26,0,0.9825783972125436,0.94,0.9825783972125436,0.9608177172061328,0.78839590443686
5,26,1,0.31666666666666665,0.6333333333333333,0.31666666666666665,0.4222222222222222,0.78839590443686
5,26,2,0.7018633540372671,0.795774647887324,0.7018633540372671,0.7458745874587459,0.78839590443686
5,26,3,0.6774193548387096,0.328125,0.6774193548387096,0.4421052631578947,0.78839590443686
5,26,4,0.574468085106383,0.54,0.574468085106383,0.5567010309278351,0.78839590443686
5,27,0,0.9790940766550522,0.9461279461279462,0.9790940766550522,0.9623287671232876,0.8003412969283277
5,27,1,0.31666666666666665,0.59375,0.31666666666666665,0.41304347826086957,0.8003412969283277
5,27,2,0.782608695652174,0.7544910179640718,0.782608695652174,0.7682926829268293,0.8003412969283277
5,27,3,0.6129032258064516,0.37254901960784315,0.6129032258064516,0.4634146341463415,0.8003412969283277
5,27,4,0.5106382978723404,0.6153846153846154,0.5106382978723404,0.5581395348837209,0.8003412969283277
5,28,0,0.9930313588850174,0.9344262295081968,0.9930313588850174,0.9628378378378378,0.7986348122866894
5,28,1,0.3333333333333333,0.6451612903225806,0.3333333333333333,0.43956043956043955,0.7986348122866894
5,28,2,0.7391304347826086,0.7727272727272727,0.7391304347826086,0.7555555555555555,0.7986348122866894
5,28,3,0.5806451612903226,0.33962264150943394,0.5806451612903226,0.42857142857142855,0.7986348122866894
5,28,4,0.5531914893617021,0.6046511627906976,0.5531914893617021,0.5777777777777777,0.7986348122866894
5,29,0,0.9930313588850174,0.9375,0.9930313588850174,0.9644670050761421,0.8122866894197952
5,29,1,0.3,0.6666666666666666,0.3,0.41379310344827586,0.8122866894197952
5,29,2,0.7763975155279503,0.7911392405063291,0.7763975155279503,0.7836990595611285,0.8122866894197952
5,29,3,0.6451612903225806,0.4166666666666667,0.6451612903225806,0.5063291139240507,0.8122866894197952
5,29,4,0.5957446808510638,0.5714285714285714,0.5957446808510638,0.5833333333333334,0.8122866894197952
5,30,0,0.9825783972125436,0.94,0.9825783972125436,0.9608177172061328,0.8156996587030717
5,30,1,0.38333333333333336,0.6571428571428571,0.38333333333333336,0.4842105263157895,0.8156996587030717
5,30,2,0.7888198757763976,0.79375,0.7888198757763976,0.7912772585669782,0.8156996587030717
5,30,3,0.6129032258064516,0.40425531914893614,0.6129032258064516,0.48717948717948717,0.8156996587030717
5,30,4,0.574468085106383,0.6136363636363636,0.574468085106383,0.5934065934065934,0.8156996587030717
5,31,0,0.9930313588850174,0.9283387622149837,0.9930313588850174,0.9595959595959596,0.8037542662116041
5,31,1,0.31666666666666665,0.6333333333333333,0.31666666666666665,0.4222222222222222,0.8037542662116041
5,31,2,0.7515527950310559,0.7960526315789473,0.7515527950310559,0.7731629392971247,0.8037542662116041
5,31,3,0.5806451612903226,0.391304347826087,0.5806451612903226,0.4675324675324675,0.8037542662116041
5,31,4,0.5957446808510638,0.5490196078431373,0.5957446808510638,0.5714285714285714,0.8037542662116041
5,32,0,0.9930313588850174,0.9344262295081968,0.9930313588850174,0.9628378378378378,0.8071672354948806
5,32,1,0.2833333333333333,0.6538461538461539,0.2833333333333333,0.3953488372093023,0.8071672354948806
5,32,2,0.7888198757763976,0.7696969696969697,0.7888198757763976,0.7791411042944786,0.8071672354948806
5,32,3,0.5161290322580645,0.38095238095238093,0.5161290322580645,0.4383561643835616,0.8071672354948806
5,32,4,0.5957446808510638,0.5833333333333334,0.5957446808510638,0.5894736842105263,0.8071672354948806
5,33,0,0.9895470383275261,0.9342105263157895,0.9895470383275261,0.961082910321489,0.7969283276450512
5,33,1,0.3,0.6428571428571429,0.3,0.4090909090909091,0.7969283276450512
5,33,2,0.7453416149068323,0.7792207792207793,0.7453416149068323,0.7619047619047619,0.7969283276450512
5,33,3,0.5806451612903226,0.34615384615384615,0.5806451612903226,0.43373493975903615,0.7969283276450512
5,33,4,0.574468085106383,0.5625,0.574468085106383,0.5684210526315789,0.7969283276450512
5,34,0,0.9825783972125436,0.9494949494949495,0.9825783972125436,0.9657534246575342,0.7918088737201365
5,34,1,0.2833333333333333,0.6071428571428571,0.2833333333333333,0.38636363636363635,0.7918088737201365
5,34,2,0.7639751552795031,0.7409638554216867,0.7639751552795031,0.7522935779816514,0.7918088737201365
5,34,3,0.5483870967741935,0.34,0.5483870967741935,0.41975308641975306,0.7918088737201365
5,34,4,0.5319148936170213,0.5555555555555556,0.5319148936170213,0.5434782608695652,0.7918088737201365
5,35,0,0.9860627177700348,0.9528619528619529,0.9860627177700348,0.9691780821917808,0.8054607508532423
5,35,1,0.3,0.6428571428571429,0.3,0.4090909090909091,0.8054607508532423
5,35,2,0.7763975155279503,0.7575757575757576,0.7763975155279503,0.7668711656441718,0.8054607508532423
5,35,3,0.6129032258064516,0.3877551020408163,0.6129032258064516,0.475,0.8054607508532423
5,35,4,0.574468085106383,0.574468085106383,0.574468085106383,0.574468085106383,0.8054607508532423
5,36,0,0.9860627177700348,0.9464882943143813,0.9860627177700348,0.9658703071672355,0.8003412969283277
5,36,1,0.3333333333333333,0.6451612903225806,0.3333333333333333,0.43956043956043955,0.8003412969283277
5,36,2,0.7453416149068323,0.759493670886076,0.7453416149068323,0.7523510971786834,0.8003412969283277
5,36,3,0.5483870967741935,0.38636363636363635,0.5483870967741935,0.4533333333333333,0.8003412969283277
5,36,4,0.6170212765957447,0.5370370370370371,0.6170212765957447,0.5742574257425742,0.8003412969283277
5,37,0,0.9930313588850174,0.9313725490196079,0.9930313588850174,0.9612141652613828,0.8071672354948806
5,37,1,0.25,0.6521739130434783,0.25,0.3614457831325301,0.8071672354948806
5,37,2,0.7950310559006211,0.7804878048780488,0.7950310559006211,0.7876923076923077,0.8071672354948806
5,37,3,0.5806451612903226,0.375,0.5806451612903226,0.45569620253164556,0.8071672354948806
5,37,4,0.574468085106383,0.6,0.574468085106383,0.5869565217391305,0.8071672354948806
